{"map":"dm4dmm4","version":1,"bounds":{"minX":-960,"maxX":-224,"minY":-576.41235,"maxY":192},"locs":[{"name":"","z":-128,"tris":[-277.43668,117.436676,-256,96,-256,64,-277.43668,117.436676,-256,64,-277.43668,42.563324,-501.43668,138.56334,-480,160,-320,160,-501.43668,138.56334,-320,160,-277.43668,117.436676,-501.43668,138.56334,-277.43668,117.436676,-277.43668,42.563324,-501.43668,138.56334,-277.43668,42.563324,-320,0,-501.43668,138.56334,-320,0,-432,0,-501.43668,138.56334,-448.0358,32,-512,32,-501.43668,138.56334,-512,32,-544,64,-501.43668,138.56334,-544,64,-544,96,-352,-96,-383.8926,-96,-432,0,-352,-96,-432,0,-352,0,-384,-96,-352,-96,-352,-192,-384,-96,-352,-192,-384,-192,-576,64,-448,64,-448,63.498882,-576,64,-448,63.498882,-510.85715,32,-576,64,-510.85715,32,-576,32,-416,32,-416.0358,32,-432.0716,64,-416,32,-432.0716,64,-416,64,-448,64,-432.0716,64,-416.0358,32,-448,64,-416.0358,32,-448,32,-510.85715,32,-448,63.498882,-448,32,-448,-64,-511.61847,-0.38152012,-448,31.498882,-400,-96,-416,-96,-416,-64,-400,-96,-416,-64,-400,-64,-448,-192,-448,-96,-384,-96,-448,-192,-384,-96,-384,-192,-448,31.928572,-399.9284,-64,-448,-64,-432,-96,-448,-96,-448,-64,-432,-96,-448,-64,-432,-64,-416.0358,32,-351.8926,-96,-383.8926,-96,-416.0358,32,-383.8926,-96,-448,31.928572,-416.0358,32,-448,31.928572,-448,32,-448,31.928572,-384,-95.78571,-384,-96,-448,31.928572,-384,-96,-448,-96,-384,-192,-384,-96,-352,-96,-384,-192,-352,-96,-352,-192,-384,-96,-384,-192,-448,-192,-384,-96,-448,-192,-448,-96,-576,-192,-576,-0.6442953,-510.85715,32,-576,-192,-510.85715,32,-448,32,-576,-192,-448,32,-448,-192,-432,0,-399.9284,-64,-432,-64,-384,-96,-384,-192,-432,-192,-384,-96,-432,-192,-432,-96,-399.9284,-64,-383.8926,-96,-432,-96,-399.9284,-64,-432,-96,-432,-64,-384,-192,-384,-96,-352,-96,-384,-192,-352,-96,-352,-192,-510.85715,0,-432,0,-432,-96,-510.85715,0,-432,-96,-576,-96,-510.85715,0,-576,-96,-576,-32.644295,-448,31.928572,-432,0,-448,0,-432,-192,-576,-192,-576,-96,-432,-192,-576,-96,-432,-96,-448,31.498882,-448,0,-510.85715,0,-510.85715,32,-576,-0.6442953,-576,32,-512,-0.57270694,-544,-16.608501,-544,-4.608501,-512,-0.57270694,-544,-4.608501,-512,11.427293,-336,192,-320,192,-320,160,-336,192,-320,160,-336,160,-288,128,-320,160,-320,192,-288,128,-320,192,-256,128,-320,160,-288,128,-336,128,-320,160,-336,128,-336,160,-256,128,-224,128,-224,96,-224,96,-224,64,-288,0,-224,96,-288,0,-320,0,-256,64,-256,96,-240,80,-224,32,-256,32,-224,64,-224,96,-240,80,-288,128,-224,96,-288,128,-256,128,-288,128,-256,96,-256,64,-288,128,-256,64,-320,0,-288,128,-320,0,-336,0,-288,128,-336,0,-336,128,-432,160,-336,160,-336,128,-432,160,-336,128,-432,128,-432,192,-336,192,-336,160,-432,192,-336,160,-432,160,-368,160,-432,160,-432,176,-368,160,-432,176,-368,176,-432,128,-432,160,-368,160,-432,128,-368,160,-368,128,-336,128,-336,0,-368,0,-336,128,-368,0,-368,128,-368,0,-432,0,-432,128,-368,0,-432,128,-368,128,-464,128,-464,160,-432,160,-464,128,-432,160,-432,128,-464,160,-480,160,-464,176,-464,192,-432,192,-432,160,-464,192,-432,160,-464,160,-480,192,-464,192,-464,176,-480,192,-464,176,-480,160,-480,192,-480,160,-512,160,-480,160,-512,128,-544,128,-480,160,-544,128,-512,160,-512,128,-480,160,-464,160,-512,128,-464,160,-464,128,-464,0,-464,128,-432,128,-464,0,-432,128,-432,0,-480,0,-544,64,-544,96,-480,0,-544,96,-512,128,-480,0,-512,128,-464,128,-480,0,-464,128,-464,0,-512,128,-544,96,-544,128,-576,96,-512,32,-576,32,-576,96,-576,128,-544,128,-576,96,-544,128,-544,64,-352,-192,-448,-192,-448,0,-352,-192,-448,0,-352,0,-352,0,-320,0,-320,-192,-352,0,-320,-192,-352,-192,-288,0,-320,-32,-320,0,-608,0,-704,0,-704,128,-608,0,-704,128,-608,128,-768,168,-752,168,-752,0,-768,168,-752,0,-768,0,-768,0,-576,0,-576,-32,-768,0,-576,-32,-768,-32,-576,-32,-576,-192,-768,-192,-576,-32,-768,-192,-768,-32,-607.96423,-32,-576,-32,-576,-95.78571,-736,-24,-736,-32,-768,-32,-736,-24,-768,-32,-768,-24,-784,168,-768,168,-768,0,-784,168,-768,0,-784,0,-864,0,-896,0,-896,128,-864,0,-896,128,-864,128,-896,128,-896,168,-784,168,-896,128,-784,168,-784,128,-784,0,-864,0,-864,128,-784,0,-864,128,-784,128,-864,128,-784,128,-784,0,-864,128,-784,0,-864,0,-928,-32,-928,0,-768,0,-928,-32,-768,0,-768,-32,-800,-32,-800,-192,-928,-192,-800,-32,-928,-192,-928,-32,-768,-192,-800,-192,-800,-32,-768,-192,-800,-32,-768,-32,-960,0,-928,0,-928,-192,-960,0,-928,-192,-960,-192,-784,0,-784,-32,-864,-32,-784,0,-864,-32,-864,0,-800.0716,-64,-847.9284,-64,-863.96423,-32,-800.0716,-64,-863.96423,-32,-784.03577,-32,-688,96,-688,128,-608,128,-688,96,-608,128,-608,96,-624,0,-688,0,-688,32,-624,0,-688,32,-624,32,-608,-32,-704,-32,-704,0,-608,-32,-704,0,-608,0,-608,0,-624,0,-624,96,-608,0,-624,96,-608,96,-688,0,-704,0,-704,128,-688,0,-704,128,-688,128,-688,160,-576,160,-576,128,-688,160,-576,128,-688,128,-608,32,-608,128,-576,128,-608,32,-576,128,-576,32,-624,32,-688,32,-688,96,-624,32,-688,96,-624,96,-736,160,-704,160,-704,32,-736,160,-704,32,-736,32,-704,128,-704,160,-688,160,-704,128,-688,160,-688,128,-576,0,-608,0,-608,32,-576,0,-608,32,-576,32,-704,32,-704,0,-736,0,-704,32,-736,0,-736,32,-648,-64,-664,-64,-664,-32,-648,-64,-664,-32,-648,-32,-608,-64,-624,-64,-624,-32,-608,-64,-624,-32,-608,-32,-608,-192,-624,-192,-624,-160,-608,-192,-624,-160,-608,-160,-648,-192,-664,-192,-664,-160,-648,-192,-664,-160,-648,-160,-608,-64,-608,-160,-688,-160,-608,-64,-688,-160,-688,-64,-704,-32,-688,-32,-688,-192,-704,-32,-688,-192,-704,-192,-664,-160,-576,-160,-576,-192,-664,-160,-576,-192,-664,-192,-664,-32,-576,-32,-576,-64,-664,-32,-576,-64,-664,-64,-576,-64,-576,-160,-608,-160,-576,-64,-608,-160,-608,-64,-664,-32,-576,-32,-576,-64,-664,-32,-576,-64,-664,-64,-576,-64,-576,-160,-608,-160,-576,-64,-608,-160,-608,-64,-664,-160,-576,-160,-576,-192,-664,-160,-576,-192,-664,-192,-736,-160,-664,-160,-664,-192,-736,-160,-664,-192,-736,-192,-704,-32,-664,-32,-664,-64,-704,-32,-664,-64,-704,-64,-736,-32,-704,-32,-704,-160,-736,-32,-704,-160,-736,-160,-704,-32,-664,-32,-664,-64,-704,-32,-664,-64,-704,-64,-736,-32,-704,-32,-704,-64,-736,-32,-704,-64,-736,-64,-704,-64,-704,-160,-736,-160,-704,-64,-736,-160,-736,-64,-736,-160,-664,-160,-664,-192,-736,-160,-664,-192,-736,-192,-896,-32,-896,-24,-832,-24,-896,-32,-832,-24,-832,-32,-928,-160,-896,-160,-896,-192,-928,-160,-896,-192,-928,-192,-896,-192,-896,-160,-736,-160,-896,-192,-736,-160,-736,-192,-928,-160,-928,-32,-736,-32,-928,-160,-736,-32,-736,-160,-928,-192,-928,-160,-896,-160,-928,-192,-896,-160,-896,-192,-928,-160,-928,-32,-736,-32,-928,-160,-736,-32,-736,-160,-896,-192,-896,-160,-736,-160,-896,-192,-736,-160,-736,-192,-448,-480,-448,-432,-416,-428,-448,-480,-416,-428,-416,-480,-320,-416,-320,-480,-352,-480,-320,-416,-352,-480,-352,-420,-416,-528,-416,-512,-352,-512,-416,-528,-352,-512,-352,-528,-352,-256,-352,-288,-400.32214,-288,-352,-256,-400.32214,-288,-384.28635,-256,-352,-192,-352,-256,-384,-256,-352,-192,-384,-256,-384,-192,-416,-428,-352,-420,-352,-512,-416,-428,-352,-512,-416,-512,-320,-256,-320,-224,-288,-224,-320,-256,-288,-224,-288,-256,-400.32214,-288,-416,-288,-416,-256,-400.32214,-288,-416,-256,-400,-256,-400.32214,-288,-400,-256,-400,-287.35715,-448,-383.14285,-448,-288,-400.32214,-288,-384,-256,-448,-256,-448,-192,-384,-256,-448,-192,-384,-192,-432,-288,-448,-288,-448,-256,-432,-288,-448,-256,-432,-256,-512.4295,-384,-448,-255.42857,-448,-383.14285,-512.4295,-384,-448,-383.14285,-448.42953,-384,-316,-256,-288,-256,-288,-384,-316,-256,-288,-384,-316,-384,-352,-256,-384,-256,-384,-192,-352,-256,-384,-192,-352,-192,-384,-192,-384,-255.42857,-384.28635,-256,-384,-192,-384.28635,-256,-448,-256,-384,-192,-448,-256,-448,-192,-416.42953,-384,-352.28635,-256,-316,-256,-416.42953,-384,-316,-256,-316,-384,-416.42953,-384,-448,-384,-448,-383.14285,-416.42953,-384,-448,-383.14285,-384.28635,-256,-416.42953,-384,-384.28635,-256,-352.28635,-256,-384.28635,-256,-448,-383.14285,-448,-256,-576,-384,-576,-192,-448,-192,-576,-384,-448,-192,-448,-384,-576,-192,-576,-384,-608,-384,-576,-192,-608,-384,-608,-192,-320,-256,-352,-256,-352,