{"map":"dmm4_6","version":1,"bounds":{"minX":-528,"maxX":1392,"minY":-672,"maxY":768},"locs":[{"name":"","z":352,"tris":[1392,0,1392,-224,1280,-224,1392,0,1280,-224,1280,0,1280,224,1392,224,1392,0,1280,224,1392,0,1280,0,1280,0,1280,-224,1056,-224,1280,0,1056,-224,1056,0,1056,224,1280,224,1280,0,1056,224,1280,0,1056,0,1056,0,1056,-224,832,-224,1056,0,832,-224,832,0,832,224,1056,224,1056,0,832,224,1056,0,832,0,832,0,832,-224,608,-224,832,0,608,-224,608,0,608,224,832,224,832,0,608,224,832,0,608,0,1392,320,1392,224,1312,224,1392,320,1312,224,1312,320,1392,544,1392,320,1312,320,1392,544,1312,320,1312,544,1392,768,1392,544,1312,544,1392,768,1312,544,1312,768,1312,224,1088,224,1088,320,1312,224,1088,320,1312,320,1088,320,1088,544,1312,544,1088,320,1312,544,1312,320,1088,544,1088,768,1312,768,1088,544,1312,768,1312,544,1088,224,864,224,864,320,1088,224,864,320,1088,320,864,320,864,544,1088,544,864,320,1088,544,1088,320,864,544,864,768,1088,768,864,544,1088,768,1088,544,864,224,640,224,640,320,864,224,640,320,864,320,640,320,640,544,864,544,640,320,864,544,864,320,640,544,640,768,864,768,640,544,864,768,864,544,640,224,416,224,416,320,640,224,416,320,640,320,416,320,416,544,640,544,416,320,640,544,640,320,416,544,416,768,640,768,416,544,640,768,640,544,416,224,192,224,192,320,416,224,192,320,416,320,192,320,192,544,416,544,192,320,416,544,416,320,192,544,192,768,416,768,192,544,416,768,416,544,192,224,-32,224,-32,320,192,224,-32,320,192,320,-32,320,-32,544,192,544,-32,320,192,544,192,320,-32,544,-32,768,192,768,-32,544,192,768,192,544,476.78387,224,608,224,608,92.78379,476.78387,224,608,92.78379,608,-92.7837,476.78387,224,608,-92.7837,476.7837,-224,476.78387,224,476.7837,-224,291.21613,-224,476.78387,224,291.21613,-224,160,-92.78387,476.78387,224,160,-92.78387,160,92.7837,476.78387,224,160,92.7837,291.2163,224,1392,-448,1392,-672,1312,-672,1392,-448,1312,-672,1312,-448,1392,-224,1392,-448,1312,-448,1392,-224,1312,-448,1312,-224,1312,-672,1088,-672,1088,-448,1312,-672,1088,-448,1312,-448,1088,-448,1088,-224,1312,-224,1088,-448,1312,-224,1312,-448,1088,-672,864,-672,864,-448,1088,-672,864,-448,1088,-448,864,-448,864,-224,1088,-224,864,-448,1088,-224,1088,-448,864,-672,640,-672,640,-448,864,-672,640,-448,864,-448,640,-448,640,-224,864,-224,640,-448,864,-224,864,-448,640,-672,416,-672,416,-448,640,-672,416,-448,640,-448,416,-448,416,-224,640,-224,416,-448,640,-224,640,-448,416,-672,192,-672,192,-448,416,-672,192,-448,416,-448,192,-448,192,-224,416,-224,192,-448,416,-224,416,-448,192,-672,-32,-672,-32,-448,192,-672,-32,-448,192,-448,-32,-448,-32,-224,192,-224,-32,-448,192,-224,192,-448,608,-92.7837,608,-224,476.7837,-224,160,92.7837,160,224,291.2163,224,160,0,160,-224,-32,-224,160,0,-32,-224,-32,0,-32,224,160,224,160,0,-32,224,160,0,-32,0,-32,-576,-32,-672,-80,-672,-32,-576,-80,-672,-80,-576,-32,-352,-32,-576,-80,-576,-32,-352,-80,-576,-80,-352,-32,-128,-32,-352,-80,-352,-32,-128,-80,-352,-80,-128,-32,96,-32,-128,-80,-128,-32,96,-80,-128,-80,96,-32,320,-32,96,-80,96,-32,320,-80,96,-80,320,-32,544,-32,320,-80,320,-32,544,-80,320,-80,544,-80,768,-32,768,-32,544,-80,768,-32,544,-80,544,-80,-576,-80,-672,-304,-672,-80,-576,-304,-672,-304,-576,-80,-352,-80,-576,-304,-576,-80,-352,-304,-576,-304,-352,-80,-128,-80,-352,-304,-352,-80,-128,-304,-352,-304,-128,-80,96,-80,-128,-304,-128,-80,96,-304,-128,-304,96,-80,320,-80,96,-304,96,-80,320,-304,96,-304,320,-80,544,-80,320,-304,320,-80,544,-304,320,-304,544,-304,768,-80,768,-80,544,-304,768,-80,544,-304,544,-304,-576,-304,-672,-528,-672,-304,-576,-528,-672,-528,-576,-304,-352,-304,-576,-528,-576,-304,-352,-528,-576,-528,-352,-304,-128,-304,-352,-528,-352,-304,-128,-528,-352,-528,-128,-304,96,-304,-128,-528,-128,-304,96,-528,-128,-528,96,-304,320,-304,96,-528,96,-304,320,-528,96,-528,320,-304,544,-304,320,-528,320,-304,544,-528,320,-528,544,-528,768,-304,768,-304,544,-528,768,-304,544,-528,544,291.21613,-224,160,-224,160,-92.78387,672,256,832,256,832,192,672,256,832,192,672,192,608,256,672,256,672,192,608,256,672,192,608,192,832,416,832,256,688,256,832,416,688,256,688,416,688,256,464,256,464,416,688,256,464,416,688,416,464,256,608,256,608,224,464,256,608,224,464,224,832,-32,832,-96,608,-96,832,-32,608,-96,608,-32,608,192,832,192,832,-32,608,192,832,-32,608,-32,476.78357,224,608,224,608,92.783485,608,-92.7837,608,-96,604.7837,-96,700.7837,-96,832,-96,832,-224,700.7837,-96,832,-224,700.7837,-224,476.7837,-224,604.7837,-96,700.7837,-96,476.7837,-224,700.7837,-96,700.7837,-224,688,-224,832,-224,832,-416,688,-224,832,-416,688,-416,464,-224,688,-224,688,-416,464,-224,688,-416,464,-416,192,416,304,416,304,224,192,416,304,224,192,224,-32,416,192,416,192,224,-32,416,192,224,-32,224,160,92.78435,160,224,291.21573,224,160,0,160,-160,-32,-160,160,0,-32,-160,-32,0,-32,224,160,224,160,0,-32,224,160,0,-32,0,291.21625,-224,160,-224,160,-92.78376,192,-224,304,-224,304,-416,192,-224,304,-416,192,-416,-32,-224,192,-224,192,-416,-32,-224,192,-416,-32,-416,96,-160,160,-160,160,-224,96,-160,160,-224,96,-224,96,-224,-32,-224,-32,-160,96,-224,-32,-160,96,-160,672,256,832,256,832,32,672,256,832,32,672,32,832,32,832,-32,672,-32,832,32,672,-32,672,32,672,-32,832,-32,832,-256,672,-32,832,-256,672,-256,256,64,256,-64,96,-64,256,64,96,-64,96,64,96,-64,-128,-64,-128,64,96,-64,-128,64,96,64,256,64,128,64,128,256,256,64,128,256,256,256,128,-64,256,-64,256,-256,128,-64,256,-256,128,-256,640,-96,512,-96,512,96,640,-96,512,96,640,96,672,256,672,96,512,96,672,256,512,96,512,256,672,-96,672,-128,512,-128,672,-96,512,-128,512,-96,672,-128,672,-256,480,-256,672,-128,480,-256,480,-128,480,-256,256,-256,256,-128,480,-256,256,-128,480,-128,512,256,512,128,480,128,512,256,480,128,480,256,480,128,256,128,256,256,480,128,256,256,480,256,352,32,416,32,416,-32,352,32,416,-32,352,-32,288,-96,256,-128,256,-96,256,128,352,32,352,-32,256,128,352,-32,288,-96,256,128,288,-96,256,-96,288,96,256,128,288,128,512,128,416,32,352,32,512,128,352,32,288,96,512,128,288,96,288,128,512,-128,480,-128,480,-96,480,-128,256,-128,352,-32,480,-128,352,-32,416,-32,480,-128,416,-32,480,-96,512,128,512,96,480,96,512,96,512,-128,416,-32,512,96,416,-32,416,32,512,96,416,32,480,96,-160,-64,-160,64,-128,64,-160,-64,-128,64,-128,-64]}]}