{"map":"dmm4_5","version":1,"bounds":{"minX":71.09513,"maxX":568.90497,"minY":-240.17769,"maxY":240.1777},"locs":[{"name":"","z":-377.9228,"tris":[125.20354,-155.34793,71.09513,-11.180551,112.05984,137.25725,125.20354,-155.34793,112.05984,137.25725,232.45103,233.26775,125.20354,-155.34793,232.45103,233.26775,386.28186,240.1777,125.20354,-155.34793,386.28186,240.1777,514.7968,155.34726,125.20354,-155.34793,514.7968,155.34726,568.90497,11.180609,125.20354,-155.34793,568.90497,11.180609,527.9401,-137.25793,125.20354,-155.34793,527.9401,-137.25793,407.55,-233.26765,125.20354,-155.34793,407.55,-233.26765,253.71774,-240.17769,480,-64,480,64,549.08093,64,480,-64,549.08093,64,568.9049,11.180686,480,-64,568.9049,11.180686,548.15717,-64,384,128,256,128,256,234.32558,384,128,256,234.32558,384,240.07524,91.84287,64,160,64,160,-64,91.84287,64,160,-64,90.91925,-64,91.84287,64,90.91925,-64,71.09517,-11.180367,256,-240.07513,256,-160,384,-160,256,-240.07513,384,-160,384,-234.32547,519.0951,79.68826,519.0951,143.89485,543.1929,79.68826,568.90497,11.180609,527.9401,-137.25793,519.0951,-144.31174,568.90497,11.180609,519.0951,-144.31174,519.0951,79.68826,568.90497,11.180609,519.0951,79.68826,543.1929,79.68826,295.09512,209.68095,295.09512,236.08167,386.28186,240.1777,295.09512,209.68095,386.28186,240.1777,432.4833,209.68095,295.09512,-14.319046,295.09512,209.68095,432.4833,209.68095,295.09512,-14.319046,432.4833,209.68095,514.7968,155.34726,295.09512,-14.319046,514.7968,155.34726,519.0951,143.89485,295.09512,-14.319046,519.0951,143.89485,519.0951,-14.319046,519.0951,-144.31174,407.55,-233.26765,295.09512,-238.31905,519.0951,-144.31174,295.09512,-238.31905,295.09512,-14.319046,519.0951,-144.31174,295.09512,-14.319046,519.0951,-14.319046,200.54404,207.82231,232.45103,233.26775,295.09512,236.08167,200.54404,207.82231,295.09512,236.08167,295.09512,207.82231,72.97064,-16.177689,71.09513,-11.180551,112.05984,137.25725,72.97064,-16.177689,112.05984,137.25725,200.54404,207.82231,72.97064,-16.177689,200.54404,207.82231,295.09512,207.82231,72.97064,-16.177689,295.09512,207.82231,295.09512,-16.177689,295.09512,-238.31905,253.71774,-240.17769,125.20354,-155.34793,295.09512,-238.31905,125.20354,-155.34793,72.97064,-16.177689,295.09512,-238.31905,72.97064,-16.177689,295.09512,-16.177689]}]}