{"map":"dmmp2","version":1,"bounds":{"minX":-320,"maxX":384,"minY":-448,"maxY":64},"locs":[{"name":"","z":-16,"tris":[-128,-283.42856,-128,-256,0,-256,-128,-283.42856,0,-256,0,-283.4286,-320,0,-320,64,-192,64,-320,0,-192,64,-192,-64,-320,0,-192,-64,-192,-128,-320,0,-192,-128,-192,-160,-320,0,-192,-160,-320,-160,-192,-160,-192,-256,-192,-320,-192,-160,-192,-320,-192,-384,-192,-160,-192,-384,-320,-384,-192,-160,-320,-384,-320,-224,-192,-160,-320,-224,-320,-160,-192,-384,-192,-448,-320,-448,-192,-384,-320,-448,-320,-384,-128,-128,-128,-64,0,-64,-128,-128,0,-64,0,-128,32,-448,-96,-448,-192,-448,32,-448,-192,-448,-192,-384,32,-448,-192,-384,-192,-320,32,-448,-192,-320,-128,-320,32,-448,-128,-320,0,-320,32,-448,0,-320,32,-320,64,-320,192,-320,256,-320,64,-320,256,-320,256,-384,64,-320,256,-384,256,-448,64,-320,256,-448,128,-448,64,-320,128,-448,32,-448,64,-320,32,-448,32,-320,32,-256,0,-256,-128,-256,32,-256,-128,-256,-192,-256,32,-256,-192,-256,-192,-160,32,-256,-192,-160,-192,-128,32,-256,-192,-128,-128,-128,32,-256,-128,-128,0,-128,32,-256,0,-128,32,-128,64,-128,64,-160,64,-256,64,-128,64,-256,32,-256,64,-128,32,-256,32,-128,64,-128,64,-64,64,64,64,-128,64,64,128,64,64,-128,128,64,192,64,64,-128,192,64,192,-64,64,-128,192,-64,192,-128,64,-128,192,-128,192,-160,64,-128,192,-160,64,-160,192,-160,192,-256,192,-320,192,-160,192,-320,64,-320,192,-160,64,-320,64,-256,192,-160,64,-256,64,-160,32,-64,0,-64,-128,-64,32,-64,-128,-64,-192,-64,32,-64,-192,-64,-192,64,32,-64,-192,64,-96,64,32,-64,-96,64,32,64,64,64,64,-64,32,-64,64,64,32,-64,32,64,192,-256,192,-160,192,-128,192,-256,192,-128,256,-128,192,-256,256,-128,256,-160,192,-256,256,-160,256,-256,256,-128,256,-64,256,64,256,-128,256,64,352,64,256,-128,352,64,384,64,256,-128,384,64,384,0,256,-128,384,0,384,-160,256,-128,384,-160,256,-160,384,-160,384,-224,384,-384,384,-160,384,-384,256,-384,384,-160,256,-384,256,-320,384,-160,256,-320,256,-256,384,-160,256,-256,256,-160,384,-384,384,-448,352,-448,384,-384,352,-448,256,-448,384,-384,256,-448,256,-384,192,-64,192,64,256,64,192,-64,256,64,256,-64,32,-64,0,-64,-128,-64,32,-64,-128,-64,-192,-64,32,-64,-192,-64,-192,64,32,-64,-192,64,-96,64,32,-64,-96,64,32,64,256,-64,192,-64,64,-64,256,-64,64,-64,32,-64,256,-64,32,-64,32,64,256,-64,32,64,128,64,256,-64,128,64,256,64,352,64,384,64,384,0,352,64,384,0,384,-64,352,64,384,-64,368,-64,352,64,368,-64,256,-64,352,64,256,-64,256,64,32,-64,0,-64,-128,-64,32,-64,-128,-64,-192,-64,32,-64,-192,-64,-192,64,32,-64,-192,64,-96,64,32,-64,-96,64,32,64,256,-64,192,-64,64,-64,256,-64,64,-64,32,-64,256,-64,32,-64,32,64,256,-64,32,64,128,64,256,-64,128,64,256,64,352,64,384,64,384,-64,352,64,384,-64,256,-64,352,64,256,-64,256,64,368,-96,368,-64,384,-64,368,-96,384,-64,384,-224,368,-96,384,-224,384,-288,368,-96,384,-288,368,-288,384,-288,384,-320,368,-320,384,-288,368,-320,368,-288,384,-80,256,-80,256,-64,384,-80,256,-64,384,-64,384,-320,256,-320,256,-304,384,-320,256,-304,384,-304,192,-320,64,-320,64,-304,192,-320,64,-304,192,-304,64,-256,64,-128,64,-64,64,-256,64,-64,192,-64,64,-256,192,-64,192,-128,64,-256,192,-128,192,-256,64,-256,192,-256,192,-288,64,-256,192,-288,64,-288,192,-288,192,-320,64,-320,192,-288,64,-320,64,-288,0,-80,-128,-80,-128,-64,0,-80,-128,-64,0,-64,0,-320,-128,-320,-128,-304,0,-320,-128,-304,0,-304,-128,-256,-128,-128,-128,-64,-128,-256,-128,-64,0,-64,-128,-256,0,-64,0,-128,-128,-256,0,-128,0,-256,-128,-256,0,-256,0,-288,-128,-256,0,-288,-128,-288,0,-288,0,-320,-128,-320,0,-288,-128,-320,-128,-288,32,-448,-96,-448,-192,-448,32,-448,-192,-448,-192,-384,32,-448,-192,-384,-192,-320,32,-448,-192,-320,-128,-320,32,-448,-128,-320,0,-320,32,-448,0,-320,32,-320,256,-448,128,-448,32,-448,256,-448,32,-448,32,-320,256,-448,32,-320,64,-320,256,-448,64,-320,192,-320,256,-448,192,-320,256,-320,384,-320,384,-448,352,-448,384,-320,352,-448,256,-448,384,-320,256,-448,256,-320,32,-448,-96,-448,-192,-448,32,-448,-192,-448,-192,-320,32,-448,-192,-320,-128,-320,32,-448,-128,-320,0,-320,32,-448,0,-320,32,-320,256,-448,128,-448,32,-448,256,-448,32,-448,32,-320,256,-448,32,-320,64,-320,256,-448,64,-320,192,-320,256,-448,192,-320,256,-320,368,-320,384,-320,384,-448,368,-320,384,-448,352,-448,368,-320,352,-448,256,-448,368,-320,256,-448,256,-320,-320,0,-320,64,-192,64,-320,0,-192,64,-192,-64,-320,0,-192,-64,-192,-128,-320,0,-192,-128,-192,-160,-320,0,-192,-160,-320,-160,-192,-160,-192,-256,-192,-320,-192,-160,-192,-320,-192,-384,-192,-160,-192,-384,-320,-384,-192,-160,-320,-384,-320,-224,-192,-160,-320,-224,-320,-160,-192,-384,-192,-448,-320,-448,-192,-384,-320,-448,-320,-384,-192,-64,-320,-64,-320,0,-192,-64,-320,0,-320,64,-192,-64,-320,64,-192,64,-192,-448,-320,-448,-320,-320,-192,-448,-320,-320,-192,-320,-320,-224,-320,-64,-192,-64,-320,-224,-192,-64,-192,-128,-320,-224,-192,-128,-192,-256,-320,-224,-192,-256,-192,-288,-320,-224,-192,-288,-320,-288,-192,-288,-192,-320,-320,-320,-192,-288,-320,-320,-320,-288]}]}