{"map":"dmusic","version":1,"bounds":{"minX":-784,"maxX":1728,"minY":-592,"maxY":656},"locs":[{"name":"","z":128,"tris":[1728,96,1712,96,1712,160,1728,96,1712,160,1728,160,1200,640,1200,656,1264,656,1200,640,1264,656,1264,640,880,640,880,656,944,656,880,640,944,656,944,640,208,384,272,384,384,384,208,384,384,384,384,272,208,384,384,272,320,272,208,384,320,272,208,272,208,160,208,272,320,272,208,160,320,272,320,240,208,160,320,240,320,48,208,160,320,48,208,48,320,48,320,16,320,-16,320,48,320,-16,272,-16,320,48,272,-16,208,-16,320,48,208,-16,208,48,320,48,320,240,384,240,320,48,384,240,384,16,320,48,384,16,320,16,160,240,160,272,160,384,160,240,160,384,208,384,160,240,208,384,208,272,160,240,208,272,208,160,160,240,208,160,160,160,208,160,208,48,208,-16,208,160,208,-16,160,-16,208,160,160,-16,160,16,208,160,160,16,160,160,48,272,-112,272,-176,272,48,272,-176,272,-176,384,48,272,-176,384,48,384,160,384,160,272,48,272,160,384,48,272,48,384,-112,272,48,272,48,240,-112,272,48,240,-112,240,48,16,-112,16,-176,16,48,16,-176,16,-176,64,48,16,-176,64,-176,176,48,16,-176,176,-176,192,48,16,-176,192,-176,240,48,16,-176,240,-128,240,48,16,-128,240,-112,240,48,16,-112,240,48,240,72,240,136,240,160,240,72,240,160,240,160,160,72,240,160,160,160,16,72,240,160,16,136,16,72,240,136,16,72,16,72,240,72,16,48,16,72,240,48,16,48,240,48,16,48,-16,-112,-16,48,16,-112,-16,-112,16,48,-208,-176,-208,-176,-16,48,-208,-176,-16,-128,-16,48,-208,-128,-16,-112,-16,48,-208,-112,-16,48,-16,272,-208,48,-208,48,-16,272,-208,48,-16,72,-16,272,-208,72,-16,136,-16,272,-208,136,-16,160,-16,272,-208,160,-16,208,-16,272,-208,208,-16,272,-16,320,-16,384,-16,384,-208,320,-16,384,-208,383.78854,-208,320,-16,383.78854,-208,272,-208,320,-16,272,-208,272,-16,48,-208,48,-240,48,-256,48,-208,48,-256,48,-320,48,-208,48,-320,48,-352,48,-208,48,-352,-128,-352,48,-208,-128,-352,-176,-352,48,-208,-176,-352,-176,-240,48,-208,-176,-240,-176,-208,48,-352,112,-416,112,-512,48,-352,112,-512,48,-576,48,-352,48,-576,-64,-576,48,-352,-64,-576,-128,-576,48,-352,-128,-576,-128,-432,48,-352,-128,-432,-128,-352,-176,192,-176,176,-191,176,-176,192,-191,176,-192,176,-192,176,-191,176,-191,80,-192,176,-191,80,-192,80,-191,80,-191,176,-176,176,-191,80,-176,176,-176,64,-191,80,-176,64,-191,79,-192,80,-191,80,-191,79,-176,-432,-176,-352,-128,-352,-176,-432,-128,-352,-128,-432,-248,-576,-320,-576,-472,-576,-248,-576,-472,-576,-472,-432,-248,-576,-472,-432,-248,-432,-208,-432,-176,-432,-128,-432,-208,-432,-128,-432,-128,-576,-208,-432,-128,-576,-248,-576,-208,-432,-248,-576,-248,-432,-472,-576,-576,-576,-576,-479.163,-472,-576,-576,-479.163,-473.55023,-432,-472,-576,-473.55023,-432,-472,-432,1488,400,1488,384,1424,384,1488,400,1424,384,1424,400,1368,384,1280,384,1152,384,1368,384,1152,384,1152,416,1368,384,1152,416,1368,416,1368,544.7663,1368,544.2558,1152,416.16278,1368,544.7663,1152,416.16278,1152,416.5,1368,544.7663,1152,416.5,1279.7142,640,1368,544.7663,1279.7142,640,1280.767,640,1152,640,1200,640,1264,640,1152,640,1264,640,1279.7142,640,1152,640,1279.7142,640,1152,416.5,1152,416.5,1152,416,1056,416,1152,416.5,1056,416,1056,640,1152,416.5,1056,640,1152,640,1368,544.2558,1368,432,1368,416,1368,544.2558,1368,416,1152,416,1368,544.2558,1152,416,1151.7255,416,1056,160,1056,224,1056,248,1056,160,1056,248,1056,264,1056,160,1056,264,1056,360,1056,160,1056,360,1056,384,1056,160,1056,384,1152,384,1056,160,1152,384,1280,384,1056,160,1280,384,1280,160,1056,-64,1056,32,1056,160,1056,-64,1056,160,1280,160,1056,-64,1280,160,1280,-64,1280,-123.69231,1273.5306,-128,1056,-128,1280,-123.69231,1056,-128,1056,-64,1280,-123.69231,1056,-64,1280,-64,1368,384,1368,256,1368,160,1368,384,1368,160,1280,160,1368,384,1280,160,1280,384,1368,160,1368,32,1368,0,1368,160,1368,0,1368,-64,1368,160,1368,-64,1280,-64,1368,160,1280,-64,1280,160,1368,-64,1368,-65.09615,1280,-123.69231,1368,-64,1280,-123.69231,1280,-64,1424,256,1480,256,1480,32,1424,256,1480,32,1424,32,1536,384,1664,384,1712,336,1536,384,1712,336,1712,256,1536,384,1712,256,1536,256,1424,384,1536,384,1536,256,1424,384,1536,256,1480,256,1424,384,1480,256,1368,256,1424,384,1368,256,1368,384,1552.2506,0,1552,0,1552,32,1552.2506,0,1552,32,1552.2506,32,1712,256,1712,160,1712,96,1712,256,1712,96,1712,32,1712,256,1712,32,1536,32,1712,256,1536,32,1536,256,1712,32,1712,0,1624,0,1712,32,1624,0,1536,0,1712,32,1536,0,1536,32,1480,256,1536,256,1536,32,1480,256,1536,32,1480,32,1368,256,1424,256,1424,32,1368,256,1424,32,1368,32,1624,-152,1592,-152,1400,-152,1624,-152,1400,-152,1400,-64,1624,-152,1400,-64,1400,0,1624,-152,1400,0,1480,0,1624,-152,1480,0,1536,0,1624,-152,1536,0,1624,0,1712,0,1712,-128,1688,-152,1712,0,1688,-152,1624,-152,1712,0,1624,-152,1624,0,1368,-128,1368,-65.09615,1368,-64,1368,-128,1368,-64,1400,-64,1368,-128,1400,-64,1400,-152,1368,-128,1400,-152,1368,-152,1272,-160,1272,-128,1273.5306,-128,1272,-160,1273.5306,-128,1368,-128,1272,-160,1368,-128,1368,-152,1272,-160,1368,-152,1368,-256,1272,-160,1368,-256,1368,-304,1272,-160,1368,-304,1272,-304,1368,-128,1273.5306,-128,1368,-65.09615,1152,-128,1160,-128,1160,-160,1152,-128,1160,-160,1152,-160,1592,-248,1584,-256,1458.4352,-256,1592,-248,1458.4352,-256,1368,-256,1592,-248,1368,-256,1368,-152,1592,-248,1368,-152,1400,-152,1592,-248,1400,-152,1592,-152,1624,-152,1688,-152,1592,-248,1624,-152,1592,-248,1592,-152,1458.4352,-256,1370.2678,-304,1368,-304,1458.4352,-256,1368,-304,1368,-256,1152,-160,1160,-160,1272,-160,1152,-160,1272,-160,1272,-304,1152,-160,1272,-304,1152,-304,1280,-416,1152,-416,1152,-352,1280,-416,1152,-352,1152,-304,1280,-416,1152,-304,1272,-304,1280,-416,1272,-304,1368,-304,1280,-416,1368,-304,1368,-368,1280,-416,1368,-368,1320,-416,1056,-208,1056,-160,1056,-128,1056,-208,1056,-128,1152,-128,1056,-208,1152,-128,1152,-160,1056,-208,1152,-160,1152,-304,1056,-208,1152,-304,1152,-352,1056,-208,1152,-352,1056,-352,1152,-352,1152,-416,1056,-416,1152,-352,1056,-416,1056,-352,1624.2942,-215.7058,1623.7935,-215.20651,1667,-172,1624.2942,-215.7058,1667,-172,1667.5,-172.5,1400,-88.25056,1368,-88.25056,1368,-87.22044,1400,-88.25056,1368,-87.22044,1400,-87.22044,1287.5,-128,1288.2506,-128,1288.2506,-160,1287.5,-128,1288.2506,-160,1287.5,-160,1184,-160,1184,-152,1248,-152,1184,-160,1248,-152,1248,-160,1184,-136,1184,-128,1248,-128,1184,-136,1248,-128,1248,-136,416,35.991753,384,35.991753,384,220.00826,416,35.991753,384,220.00826,416,220.00826,416,35.991753,416,220.00826,512,220.00826,416,35.991753,512,220.00826,512,35.991753,976.5,416,976,416,752,416,976.5,416,752,416,752,544,976.5,416,752,544,752.1818,544.1818,976,416.5,976.1818,416.18182,752.1818,544.1818,976,416.5,752.1818,544.1818,848,640,976,416.5,848,640,848.2857,640,1056,416,1040,416,976.5,416,1056,416,976.5,416,976.1818,416.18182,1056,416,976.1818,416.18182,976,416.5,1056,416,976,416.5,976,640,1056,416,976,640,1056,640,976,416.5,848.2857,640,944,640,976,416.5,944,640,976,640,1040,264,1041,264,1056,264,1040,264,1056,264,1056,248,1040,344,1041,344,1041,264,1040,344,1041,264,1040,264,1041,344,1041,345,1056,360,1041,344,1056,360,1056,264,1041,344,1056,264,1041,264,1041,345,1041,344,1040,344,1041,264,1040,264,1040,344,1041,264,1040,344,1041,344,736,390.62454,752,415.7249,752,240,736,390.62454,752,240,704,240,736,390.62454,704,240,639.9858,240,752,415.7249,752,416,976,416,752,415.7249,976,416,976,384,752,415.7249,976,384,976,240,752,415.7249,976,240,752,240,527.82666,446.6644,528.5801,447.41995,573.9321,402.0679,527.82666,446.6644,573.9321,402.0679,573.24274,401.3766,512,464,592,384,592,256,512,464,592,256,592,240,512,464,592,240,512,240,512,464,512,240,416,240,512,464,416,240,416,256,512,464,416,256,416,464,1032,64,1032,192,1032,224,1032,64,1032,224,1056,224,1032,64,1056,224,1056,160,1032,64,1056,160,1056,32,1032,64,1056,32,1032,32,976,64,976,192,1032,192,976,64,1032,192,1032,64,976,32,1056,32,1056,-64,976,32,1056,-64,1056,-128,976,32,1056,-128,1056,-158.92308,976,32,1056,-158.92308,976,-207.03496,416,136.57143,416,240,512,240,416,136.57143,512,240,512,64,416,136.57143,512,64,512,16,