{"map":"head","version":1,"bounds":{"minX":-440,"maxX":440,"minY":-2312,"maxY":360},"locs":[{"name":"","z":16,"tris":[-16,360,16,360,16,352,-16,360,16,352,-16,352,432,-776,432,-744,440,-744,432,-776,440,-744,440,-776,432,-1208,432,-1176,440,-1176,432,-1208,440,-1176,440,-1208,-96,-1936,-96,-1840,96,-1840,-96,-1936,96,-1840,96,-1936,-96,-1936,96,-1936,96,-2064,-96,-1936,96,-2064,-96,-2064,-432,-1114.6666,-272,-736,-208,-736,-432,-1114.6666,-208,-736,-48,-736,-432,-1114.6666,-48,-736,16,-736,-432,-1114.6666,16,-736,176,-736,-432,-1114.6666,176,-736,240,-736,-432,-1114.6666,240,-736,272,-736,-432,-1114.6666,272,-736,432,-736,-432,-1114.6666,432,-736,432,-784,-432,-1114.6666,432,-784,432,-880,-432,-1114.6666,432,-880,432,-912,-432,-1114.6666,432,-912,432,-1040,-432,-1114.6666,432,-1040,432,-1072,-432,-1114.6666,432,-1072,432,-1168,-432,-1114.6666,432,-1168,432,-1216,-432,-1114.6666,432,-1216,272,-1216,-432,-1114.6666,272,-1216,240,-1216,-432,-1114.6666,240,-1216,176,-1216,-432,-1114.6666,176,-1216,16,-1216,-432,-1114.6666,16,-1216,-48,-1216,-432,-1114.6666,-48,-1216,-208,-1216,-432,-1114.6666,-208,-1216,-272,-1216,-432,-1114.6666,-272,-1216,-432,-1216,-432,-1114.6666,-432,-1072,-432,-1040,-432,-1114.6666,-432,-1040,-432,-912,-432,-1114.6666,-432,-912,-432,-880,-432,-1114.6666,-432,-880,-432,-736,-432,-1114.6666,-432,-736,-272,-736,-96,16,-96,112,96,112,-96,16,96,112,96,16,-96,16,96,16,96,-112,-96,16,96,-112,-96,-112,-432,-636.8,-432,-592,-272,-592,-432,-636.8,-272,-592,-272,-784,-432,-636.8,-272,-784,-432,-784,272,-745.6,272,-592,432,-592,272,-745.6,432,-592,432,-784,272,-745.6,432,-784,272,-784,-32,-488,32,-488,32,-496,-32,-488,32,-496,-40,-496,-32,-488,-40,-496,-40,-488,-40,-488,-40,-416,-32,-416,-40,-488,-32,-416,-32,-424,-40,-488,-32,-424,-32,-488,-409.41177,-544,-326.58826,-368,-304,-320,-409.41177,-544,-304,-320,-208,-320,-409.41177,-544,-208,-320,-208,-544,-208,-592,-272,-592,-432,-592,-208,-592,-432,-592,-409.41177,-544,-208,-592,-409.41177,-544,-208,-544,-96,-320,-40,-320,-40,-416,-96,-320,-40,-416,-40,-488,-96,-320,-40,-488,-40,-496,-96,-320,-40,-496,-40,-544,-96,-320,-40,-544,-208,-544,-96,-320,-208,-544,-208,-320,-40,-544,-40,-592,-48,-592,-40,-544,-48,-592,-208,-592,-40,-544,-208,-592,-208,-544,32,-424,-32,-424,-32,-416,32,-424,-32,-416,32,-416,32,-496,40,-496,40,-544,32,-496,40,-544,40,-592,32,-496,40,-592,-40,-592,32,-496,-40,-592,-40,-544,32,-496,-40,-544,-40,-496,40,-320,40,-416,32,-416,40,-320,32,-416,-32,-416,40,-320,-32,-416,-40,-416,40,-320,-40,-416,-40,-320,40,-496,32,-496,32,-488,40,-496,32,-488,32,-424,40,-496,32,-424,32,-416,40,-496,32,-416,40,-416,40,-544,40,-496,40,-416,40,-544,40,-416,40,-320,40,-544,40,-320,96,-320,40,-544,96,-320,208,-320,40,-544,208,-320,264,-320,40,-544,264,-320,264,-544,264,-592,176,-592,40,-592,264,-592,40,-592,40,-544,264,-592,40,-544,264,-544,304,-320,326.5883,-368,409.41177,-544,304,-320,409.41177,-544,264,-544,304,-320,264,-544,264,-320,409.41177,-544,432,-592,272,-592,409.41177,-544,272,-592,264,-592,409.41177,-544,264,-592,264,-544,-304,-224,-208,-224,-208,-320,-304,-224,-208,-320,-304,-320,96,-208,96,-320,40,-320,96,-208,40,-320,-40,-320,96,-208,-40,-320,-96,-320,96,-208,-96,-320,-96,-208,264,-320,208,-320,208,-224,264,-320,208,-224,304,-224,264,-320,304,-224,304,-286,264,-320,304,-286,304,-320,-304,224,-304,304,-208,326.15384,-304,224,-208,326.15384,-208,224,-208,224,-208,326.15384,-96,352,-208,224,-96,352,-96,208,-208,224,-96,208,-96,128,-208,224,-96,128,-208,128,-96,128,-96,16,-96,-96,-96,128,-96,-96,-208,-96,-96,128,-208,-96,-208,-80,-96,128,-208,-80,-208,80,-96,128,-208,80,-208,128,-96,-96,-96,-208,-96,-320,-96,-96,-96,-320,-208,-320,-96,-96,-208,-320,-208,-224,-96,-96,-208,-224,-208,-96,96,352,96,208,-96,208,96,352,-96,208,-96,352,96,208,96,352,208,326.15384,96,208,208,326.15384,208,224,96,208,208,224,208,128,96,208,208,128,96,128,208,128,208,80,208,-80,208,128,208,-80,208,-96,208,128,208,-96,96,-96,208,128,96,-96,96,16,208,128,96,16,96,128,208,-96,208,-224,208,-320,208,-96,208,-320,96,-320,208,-96,96,-320,96,-208,208,-96,96,-208,96,-96,304,304,304,224,208,224,304,304,208,224,208,326.15384,337.45453,-544,272,-400,304,-320,337.45453,-544,304,-320,326.5883,-368,337.45453,-544,326.5883,-368,409.41177,-544,432,-592,352,-576,337.45453,-544,432,-592,337.45453,-544,409.41177,-544,304,136,304,168,312,168,304,136,312,168,312,136,304,-168,304,-136,312,-136,304,-168,312,-136,312,-168,208,80,208,208,304,208,208,80,304,208,304,64,208,80,304,64,304,-16,208,80,304,-16,208,-16,304,-16,304,-62,304,-208,304,-16,304,-208,208,-208,304,-16,208,-208,208,-80,304,-16,208,-80,208,-16,208,208,208,224,304,224,208,208,304,224,304,208,208,-224,208,-208,304,-208,208,-224,304,-208,304,-224,96,352,64,288,-64,288,96,352,-64,288,-96,352,-96,80,96,80,96,-80,-96,80,96,-80,-96,-80,96,80,208,80,208,-16,96,80,208,-16,208,-80,96,80,208,-80,96,-80,-208,-16,-208,80,-96,80,-208,-16,-96,80,-96,-80,-208,-16,-96,-80,-208,-80,-304,128,-304,208,-208,208,-304,128,-208,208,-208,80,-304,128,-208,80,-208,-16,-304,128,-208,-16,-304,-16,-208,-16,-208,-80,-208,-208,-208,-16,-208,-208,-304,-208,-208,-16,-304,-208,-304,-96,-208,-16,-304,-96,-304,-16,-312,136,-312,168,-304,168,-312,136,-304,168,-304,136,-312,-168,-312,-136,-304,-136,-312,-168,-304,-136,-304,-168,-304,-224,-304,-208,-208,-208,-304,-224,-208,-208,-208,-224,-208,208,-304,208,-304,224,-208,208,-304,224,-208,224,-409.41177,-544,-326.58826,-368,-304,-320,-409.41177,-544,-304,-320,-272,-400,-409.41177,-544,-272,-400,-337.45456,-544,-352,-576,-432,-592,-409.41177,-544,-352,-576,-409.41177,-544,-337.45456,-544,96,-112,96,-208,-96,-208,96,-112,-96,-208,-96,-112,96,208,96,112,-96,112,96,208,-96,112,-96,208,32,-488,-32,-488,-32,-424,32,-488,-32,-424,32,-424,272,-613.3334,432,-613.3333,432,-736,272,-613.3334,432,-736,272,-736,-48,-736,-208,-736,-272,-736,-48,-736,-272,-736,-272,-613.3334,-48,-736,-272,-613.3334,-272,-592,-48,-736,-272,-592,-208,-592,-48,-736,-208,-592,-48,-592,176,-736,16,-736,-48,-736,176,-736,-48,-736,-48,-592,176,-736,-48,-592,-40,-592,176,-736,-40,-592,40,-592,176,-736,40,-592,176,-592,264,-592,272,-592,272,-613.3334,264,-592,272,-613.3334,272,-736,264,-592,272,-736,240,-736,264,-592,240,-736,176,-736,264,-592,176,-736,176,-592,-432,-656,-432,-613.3333,-272,-613.3334,-432,-656,-272,-613.3334,-272,-736,-432,-656,-272,-736,-432,-736,-428,-984,-432,-988,-432,-964,-428,-984,-432,-964,-428,-968,432,-988,428,-984,428,-968,432,-988,428,-968,432,-964,-256,-1088,-432,-1088,-432,-1072,-256,-1088,-432,-1072,-256,-1072,-96,-1152,-96,-1168,-256,-1088,-96,-1152,-256,-1088,-256,-1072,-32,-1152,96,-1152,96,-1168,-32,-1152,96,-1168,-96,-1168,-32,-1152,-96,-1168,-96,-1152,432,-1088,256,-1088,256,-1072,432,-1088,256,-1072,432,-1072,-32,-1152,-96,-1152,-256,-1072,-32,-1152,-256,-1072,-208,-1072,-32,-1152,-208,-1072,-32,-1072,192,-1104,96,-1152,-32,-1152,192,-1104,-32,-1152,-32,-1072,192,-1104,-32,-1072,16,-1072,192,-1104,16,-1072,192,-1072,240,-1072,256,-1072,192,-1104,240,-1072,192,-1104,192,-1072,-208,-1072,-256,-1072,-432,-1072,-208,-1072,-432,-1072,-432,-1040,-208,-1072,-432,-1040,-432,-1036,-208,-1072,-432,-1036,-208,-1036,16,-1072,-32,-1072,-208,-1072,16,-1072,-208,-1072,-208,-1036,16,-1072,-208,-1036,16,-1036,240,-1072,192,-1072,16,-1072,240,-1072,16,-1072,16,-1036,240,-1072,16,-1036,208,-1036,240,-1072,208,-1036,240,-1036,432,-1036,432,-1040,432,-1072,432,-1036,432,-1072,256,-1072,432,-1036,256,-1072,240,-1072,432,-1036,240,-1072,240,-1036,192,-1104,256,-1072,256,-1088,192,-1104,256,-1088,96,-1168,192,-1104,96,-1168,96,-1152,-256,-880,-432,-880,-432,-864,-256,-880,-432,-864,-256,-864,-432,-912,-432,-880,-256,-880,-432,-912,-256,-880,-208,-880,-432,-912,-208,-880,-208,-1036,-432,-912,-208,-1036,-432,-1036,-208,-856,-208,-880,-256,-880,-96,-784,-96,-800,-208,-856,-96,-784,-208,-856,-256,-880,-96,-784,-256,-880,-256,-864,96,-784,96,-800,16,-800,96,-784,16,-800,-96,-800,96,-784,-96,-800,-96,-784,16,-1036,-208,-1036,-208,-880,16,-1036,-208,-880,-208,-856,16,-1036,-208,-856,-96,-800,16,