{"map":"kjdm11","version":1,"bounds":{"minX":-832,"maxX":896,"minY":-768,"maxY":736},"locs":[{"name":"","z":288,"tris":[736,736,736,720,672,720,736,736,672,720,672,736,684,728,724,728,724,720,684,728,724,720,684,720,684,736,724,736,724,728,684,736,724,728,684,728,768,720,768,704,736,704,768,720,736,704,736,720,768,720,768,704,736,704,768,720,736,704,736,720,640,704,640,720,672,720,640,704,672,720,672,704,640,704,640,720,672,720,640,704,672,720,672,704,768,736,768,704,640,704,768,736,640,704,640,736,576,160,448,128,448,256,576,160,448,256,576,256,64,128,80,128,80,-112,64,128,80,-112,64,-112,384,128,384,112,304,112,384,128,304,112,304,128,304,112,80,112,80,128,304,112,80,128,304,128,448,256,448,224,416,224,448,256,416,224,416,256,416,224,192,224,192,256,416,224,192,256,416,256,192,224,-32,224,-32,256,192,224,-32,256,192,256,448,224,448,128,256,128,448,224,256,128,256,224,256,128,32,128,32,224,256,128,32,224,256,224,32,160,32,128,-32,128,32,160,-32,128,-32,160,368,112,384,112,384,-112,368,112,384,-112,368,-112,64,128,64,0,-64,0,64,128,-64,0,-64,128,32,224,32,160,-32,160,32,224,-32,160,-32,224,64,0,64,-128,32,-128,64,0,32,-128,32,0,32,-128,-192,-128,-192,0,32,-128,-192,0,32,0,384,-112,384,-128,288,-128,384,-112,288,-128,288,-112,288,-128,64,-128,64,-112,288,-128,64,-112,288,-112,-64,256,-32,256,-32,128,-64,256,-32,128,-64,128,-192,32,-192,-128,-256,-128,-192,32,-256,-128,-320,-64,-192,32,-320,-64,-320,32,-320,256,-192,256,-192,32,-320,256,-192,32,-320,32,-320,256,-320,128,-352,128,-320,256,-352,128,-352,256,-352,128,-576,128,-576,256,-352,128,-576,256,-352,256,-384,128,-384,112,-576,112,-384,128,-576,112,-576,128,-640,240,-576,256,-576,128,-640,240,-576,128,-640,106.66669,-704,208,-640,240,-640,98,-704,208,-640,98,-752,0,-704,208,-752,0,-832,0,-704,208,-832,0,-816,64,-704,208,-816,64,-784,128,-704,-48,-832,-48,-832,0,-704,-48,-832,0,-704,0,-706.66675,0,-752,0,-688,56,-624,112,-640,98,-640,106.66669,-704,8,-688,8,-688,-48,-704,8,-688,-48,-704,-48,-576,112,-616,96,-624,112,-576,112,-624,112,-576,128,-688,8,-704,8,-688,56,-688,8,-688,56,-672,48,-624,112,-616,96,-672,48,-624,112,-672,48,-688,56,-704,0,-706.66675,0,-704,8,80,112,368,112,368,-112,80,112,368,-112,80,-112,-688,8,-672,48,-616,96,-688,8,-616,96,-576,112,-688,8,-576,112,-400,112,-688,8,-400,112,-400,-176,-688,8,-400,-176,-688,-176,-472,-320,-488,-320,-488,-312,-472,-320,-488,-312,-472,-312,-600,-320,-616,-320,-616,-312,-600,-320,-616,-312,-600,-312,-728,-320,-744,-320,-744,-312,-728,-320,-744,-312,-728,-312,512,560,896,560,896,272,512,560,896,272,512,272,768,704,832,688,880,640,768,704,880,640,896,576,768,704,896,576,736,576,768,704,736,576,736,704,736,576,512,576,528,640,736,576,528,640,576,688,736,576,576,688,640,704,736,576,640,704,736,704,896,576,896,560,784,560,896,576,784,560,784,576,640,576,768,576,768,560,640,576,768,560,640,560,768,576,784,576,784,560,768,576,784,560,768,560,640,576,640,560,512,560,640,576,512,560,512,576,-704,-112,-832,-112,-832,-80,-704,-112,-832,-80,-704,-80,576,80,448,80,448,112,576,80,448,112,576,112,576,112,448,112,448,128,576,112,448,128,576,160,-704,-48,-688,-48,-688,-112,-704,-48,-688,-112,-704,-112,-704,-80,-832,-80,-832,-48,-704,-80,-832,-48,-704,-48,576,-192,576,-256,512,-256,814,464,800,456,760,528,814,464,760,528,773.10645,535.4894,814,464,773.10645,535.4894,789,509,800,456,816,456,816,376,800,456,816,376,800,376,773.10645,535.4894,774,536,789,509,760,544,760,528,648,528,760,544,648,528,648,544,634.8936,535.4894,648,528,608,456,634.8936,535.4894,608,456,594,464,634.8936,535.4894,594,464,619,509,634,536,634.8936,535.4894,619,509,592,456,608,456,608,376,592,456,608,376,592,376,800,376,814,368,789,323,800,376,789,323,773.10645,296.5107,800,376,773.10645,296.5107,760,304,789,323,774,296,773.10645,296.5107,648,288,648,304,760,304,648,288,760,304,760,288,634.8936,296.51062,634,296,619,323,594,368,608,376,648,304,594,368,648,304,634.8936,296.51062,594,368,634.8936,296.51062,619,323,608,456,648,528,760,528,608,456,760,528,800,456,608,456,800,456,800,376,608,456,800,376,760,304,608,456,760,304,648,304,608,456,648,304,608,376,576,-192,512,-256,384,-256,576,-192,384,-256,384,-128,576,-192,384,-128,448,-128,448,80,576,80,576,48,448,80,576,48,448,48,576,16,448,16,448,48,576,16,448,48,576,48,576,-16,448,-16,448,16,576,-16,448,16,576,16,576,-48,448,-48,448,-16,576,-48,448,-16,576,-16,576,-96,448,-80,448,-48,576,-96,448,-48,576,-48,576,-144,576,-192,448,-128,576,-144,448,-128,448,-96,448,-96,448,-80,576,-96,448,-96,576,-96,576,-144,384,128,384,112,240,112,384,128,240,112,240,128,240,112,16,112,16,128,240,112,16,128,240,128,368,112,384,112,384,-128,368,112,384,-128,368,-128,384,-256,240,-256,240,-128,384,-256,240,-128,384,-128,240,-256,16,-256,16,-128,240,-256,16,-128,240,-128,368,-112,368,-128,240,-128,368,-112,240,-128,240,-112,240,-128,16,-128,16,-112,240,-128,16,-112,240,-112,0,512,0,384,-128,384,0,512,-128,384,-128,512,0,-64,0,-128,-128,-128,0,-64,-128,-128,-128,-64,0,160,0,-64,-128,-64,0,160,-128,-64,-128,160,-128,384,0,384,0,160,-128,384,0,160,-128,160,16,-96,16,-128,0,-128,16,-96,0,-128,0,-96,0,128,16,128,16,-96,0,128,16,-96,0,-96,-72,-240,-72,-128,16,-128,-72,-240,16,-128,16,-240,16,-240,16,-256,-56,-256,16,-240,-56,-256,-56,-240,-56,-254,-72,-254,-72,-240,-56,-254,-72,-240,-56,-240,-128,-128,-72,-128,-72,-256,-128,-128,-72,-256,-128,-256,-56,-256,-72,-256,-72,-254,-56,-256,-72,-254,-56,-254,768,336,768,256,640,256,768,336,640,256,640,336,768,560,768,336,640,336,768,560,640,336,640,560,784,336,784,272,768,272,784,336,768,272,768,336,784,560,784,336,768,336,784,560,768,336,768,560,640,336,640,272,624,272,640,336,624,272,624,336,624,560,640,560,640,336,624,560,640,336,624,336,896,272,896,256,768,256,896,272,768,256,768,272,896,256,880,192,832,144,896,256,832,144,768,128,896,256,768,128,736,128,896,256,736,128,736,256,736,128,640,128,576,144,736,128,576,144,528,192,736,128,528,192,512,256,736,128,512,256,736,256,640,256,512,256,512,272,640,256,512,272,640,272,640,64,768,64,768,0,640,64,768,0,576,0,768,128,768,64,640,64,768,128,640,64,640,128,160,128,384,128,384,32,160,128,384,32,160,32,16,128,160,128,160,-112,16,128,160,-112,16,-112,768,0,640,-128,624,-128,768,0,624,-128,624,0,624,-128,400,-128,400,0,624,-128,400,0,624,0,384,-8,384,0,400,0,384,-8,400,0,400,-8,248,-8,248,32,384,32,248,-8,384,32,384,-8,248,-8,400,-8,400,-128,248,-8,400,-128,248,-128,248,-128,384,-128,384,-256,248,-128,384,-256,248,-256,248,-256,256,-256,256,-272,248,-256,256,-272,248,-272,224,-112,224,32,248,32,224,-112,248,32,248,-112,160,-112,160,-32,224,-32,160,-112,224,-32,224,-112,224,-32,160,-32,160,32,224,-32,160,32,224,32,128,-112,248,-112,248,-272,128,-112,248,-272,128,-272,16,-112,128,-112,128,-256,16,-112,128,-256,16,-256,248,-440,248,-504,184,-504,248,-440,184,-504,184,-440,256,-512,248,-512,248,-440,256,-512,248,-440,256,-440,256,-440,200,-440,200,-272,256,-440,200,-272,256,-272,248,-504,248,-512,184,-512,248,-504,184,-512,184,-504,200,-272,200,-384,128,-384,200,-272,128,-384,128,-272,184,-384,184,-456,96,-456,184,-384,96,-456,96,-384,96,-456,-128,-456,-128,-384,96,-456,-128,-384,96,-384,200,-440,184,-440,184,-384,200,-440,184,-384,200,-384,184,-456,184,-512,160,-512,184,-456,160,-512,160,-456,160,-512,-64,-512,-64,-456,160,-512,-64,-456,160,-456,16,-96,16,-256,0,-256,16,-96,0,-256,-128,-128,16,-96,-128,-128,-128,-96,0,128,16,128,16,-96,0,128,16,-96,-128,-96,0,128,-128,-96,-128,0,0,-512,-64,-576,-64,-512,-74,-680,-80,-704,-128,-752,-74,-680,-128,-752,-128,-680,-128,-456,-64,-456,-64,-640,-128,-456,-64,-640,-74,-680,-128,-456,-74,-680,-128,-680,-128,0,-128,-128,-256,-128,-128,0,-256,-128,-256,0,-128,384,-160,384,-160,512,-128,384,-160,512,-128,512,-160,384,-384,384,-384,512,-160,384,-384,512,-160,512,-384,288,-384,200,-512,200,-384,288,-512,200,-512,288,-384,512,-384,288,-512,288,-384,512,-512,288,-512,400,-384,512,-512,400,-400,512,-384,200,-384,-16,-576,-16,-384,200,-576,-16,-576,200,-384,-48,-384,-128,-528,-128,-384,-48,-528,-128,-528,-48,-576,200,-576,256,-512,256,-576,200,-512,256,-512,