{"map":"madtower","version":1,"bounds":{"minX":-608,"maxX":608,"minY":-992,"maxY":224},"locs":[{"name":"QUAD.level","z":512,"tris":[-224,216,-288,216,-288,224,-224,216,-288,224,-224,224,533.3333,-280,544,-280,544,-288,533.3333,-280,544,-288,544,-488,533.3333,-280,544,-488,533.33325,-488,533.3333,-280,544,-280,544,-288,533.3333,-280,544,-288,544,-488,533.3333,-280,544,-488,533.3333,-488,384,-704,384,-576,384,-488,384,-704,384,-488,402.82352,-488,384,-704,402.82352,-488,544,-488,384,-704,544,-488,544,-512,384,-704,544,-512,544,-704,544,-280,544,-64,608,-64,544,-280,608,-64,608,-256,544,-280,608,-256,608,-288,544,-280,608,-288,544,-288,608,-288,608,-480,608,-512,608,-288,608,-512,544,-512,608,-288,544,-512,544,-488,608,-288,544,-488,544,-288,608,-512,608,-704,544,-704,608,-512,544,-704,544,-512,384,-288,384,-280,533.3333,-280,384,-288,533.3333,-280,533.3333,-488,384,-288,533.3333,-488,384,-488,533.3333,-280,544,-280,544,-288,533.3333,-280,544,-288,544,-488,533.3333,-280,544,-488,533.3333,-488,402.82352,-280,384,-280,384,-64,402.82352,-280,384,-64,544,-64,402.82352,-280,544,-64,544,-280,402.82355,-488,544,-488,544,-512,402.82355,-488,544,-512,544,-704,402.82355,-488,544,-704,384,-704,402.82355,-488,384,-704,384,-512,402.82355,-488,384,-512,384,-488,544,-280,544,-64,608,-64,544,-280,608,-64,608,-256,544,-280,608,-256,608,-288,544,-280,608,-288,544,-288,608,-288,608,-480,608,-512,608,-288,608,-512,544,-512,608,-288,544,-512,544,-488,608,-288,544,-488,544,-288,608,-512,608,-704,544,-704,608,-512,544,-704,544,-512,384,-288,384,-280,533.3333,-280,384,-288,533.3333,-280,533.3333,-488,384,-288,533.3333,-488,384,-488,402.82352,-488,544,-488,544,-512,402.82352,-488,544,-512,544,-704,402.82352,-488,544,-704,384,-704,402.82352,-488,384,-704,384,-512,402.82352,-488,384,-512,384,-488,608,-288,608,-480,608,-512,608,-288,608,-512,544,-512,608,-288,544,-512,544,-488,608,-288,544,-488,544,-288,608,-512,608,-704,544,-704,608,-512,544,-704,544,-512,-96,-64,-160,-64,-320,-64,-96,-64,-320,-64,-320,0,-96,-64,-320,0,-160,0,-96,-64,-160,0,-96,0,128,-64,64,-64,-96,-64,128,-64,-96,-64,-96,0,128,-64,-96,0,64,0,128,-64,64,0,128,0,-384,-280,-384,-64,-320,-64,-384,-280,-320,-64,-160,-64,-384,-280,-160,-64,-160,-288,-384,-280,-160,-288,-384,-288,-160,-288,-160,-512,-384,-512,-160,-288,-384,-512,-384,-488,-160,-288,-384,-488,-384,-288,-160,-512,-160,-704,-320,-704,-160,-512,-320,-704,-384,-704,-160,-512,-384,-704,-384,-512,-160,-64,-96,-64,-64,-64,-160,-64,-64,-64,-64,-224,-160,-64,-64,-224,-64,-288,-160,-64,-64,-288,-160,-288,-64,-288,-64,-448,-64,-512,-64,-288,-64,-512,-160,-512,-64,-288,-160,-512,-160,-288,-64,-512,-64,-672,-64,-704,-64,-512,-64,-704,-96,-704,-64,-512,-96,-704,-160,-704,-64,-512,-160,-704,-160,-512,-96,-32,-320,-32,-320,0,-96,-32,-320,0,-160,0,-96,-32,-160,0,-96,0,-64,0,-64,-32,-96,-32,-64,0,-96,-32,-96,0,-64,-64,-64,-32,-64,0,-64,-64,-64,0,64,0,-64,-64,64,0,64,-32,-64,-64,64,-32,64,-64,-64,-64,64,-64,64,-224,-64,-64,64,-224,-64,-224,64,-224,64,-288,64,-448,64,-224,64,-448,-64,-448,64,-224,-64,-448,-64,-288,64,-224,-64,-288,-64,-224,64,-448,64,-512,64,-672,64,-448,64,-672,-64,-672,64,-448,-64,-672,-64,-512,64,-448,-64,-512,-64,-448,64,-672,64,-704,64,-736,64,-672,64,-736,-64,-736,64,-672,-64,-736,-64,-704,64,-672,-64,-704,-64,-672,64,-224,64,-64,288,-64,64,-224,288,-64,288,-288,64,-224,288,-288,64,-288,288,-288,288,-512,64,-512,288,-288,64,-512,64,-448,288,-288,64,-448,64,-288,288,-512,288,-704,64,-704,288,-512,64,-704,64,-672,288,-512,64,-672,64,-512,288,-64,320,-64,384,-64,288,-64,384,-64,384,-280,288,-64,384,-280,384,-288,288,-64,384,-288,288,-288,384,-288,384,-488,384,-512,384,-288,384,-512,288,-512,384,-288,288,-512,288,-288,384,-512,384,-704,320,-704,384,-512,320,-704,288,-704,384,-512,288,-704,288,-512,288,-32,64,-32,64,0,288,-32,64,0,288,0,-96,-768,-160,-768,-320,-768,-96,-768,-320,-768,-320,-736,-96,-768,-320,-736,-96,-736,128,-768,64,-768,-96,-768,128,-768,-96,-768,-96,-736,128,-768,-96,-736,-64,-736,128,-768,-64,-736,64,-736,128,-768,64,-736,128,-736,288,-736,320,-736,320,-768,288,-736,320,-768,288,-768,288,-736,288,-768,128,-768,288,-736,128,-768,128,-736,384,-288,384,-488,384,-512,384,-288,384,-512,320,-512,384,-288,320,-512,320,-448,384,-288,320,-448,320,-288,384,-512,384,-704,320,-704,384,-512,320,-704,320,-672,384,-512,320,-672,320,-512,320,-448,320,-512,320,-672,320,-448,320,-672,288,-672,320,-448,288,-672,288,-448,320,-672,320,-704,320,-768,320,-672,320,-768,288,-768,320,-672,288,-768,288,-672,288,-992,224,-992,224,-984,288,-992,224,-984,288,-984,-544,-288,-544,-280,-533.3333,-280,-544,-288,-533.3333,-280,-533.3333,-488,-544,-288,-533.3333,-488,-544,-488,-384,-64,-384,-280,-402.82352,-280,-384,-64,-402.82352,-280,-544,-280,-384,-64,-544,-280,-544,-64,-402.82352,-488,-384,-488,-384,-512,-402.82352,-488,-384,-512,-384,-704,-402.82352,-488,-384,-704,-544,-704,-402.82352,-488,-544,-704,-544,-512,-402.82352,-488,-544,-512,-544,-488,-608,-256,-608,-64,-544,-64,-608,-256,-544,-64,-544,-280,-608,-256,-544,-280,-544,-288,-608,-256,-544,-288,-608,-288,-544,-288,-544,-488,-544,-512,-544,-288,-544,-512,-608,-512,-544,-288,-608,-512,-608,-480,-544,-288,-608,-480,-608,-288,-544,-512,-544,-704,-608,-704,-544,-512,-608,-704,-608,-512,-533.3333,-280,-384,-280,-384,-288,-533.3333,-280,-384,-288,-384,-488,-533.3333,-280,-384,-488,-533.3333,-488,-544,-64,-384,-64,-384,-280,-544,-64,-384,-280,-402.82352,-280,-544,-64,-402.82352,-280,-544,-280,-402.82352,-488,-384,-488,-384,-512,-402.82352,-488,-384,-512,-384,-704,-402.82352,-488,-384,-704,-544,-704,-402.82352,-488,-544,-704,-544,-512,-402.82352,-488,-544,-512,-544,-488]},{"name":"blue.flag.level","z":256,