{"map":"nitromidair1","version":1,"bounds":{"minX":-646.9884,"maxX":647.8674,"minY":-512,"maxY":370.08517},"locs":[{"name":"","z":80,"tris":[-272,-501.35226,-272,-506.50958,-274.57867,-503.93094,-406.67578,-374.01102,-430.392,-350.2948,-588.784,-191.90294,-406.67578,-374.01102,-588.784,-191.90294,-630.6758,-150.01118,-406.67578,-374.01102,-630.6758,-150.01118,-627.7017,-150.80807,-406.67578,-374.01102,-627.7017,-150.80807,-591.3626,-187.14716,-406.67578,-374.01102,-591.3626,-187.14716,-432.97064,-345.53903,-406.67578,-374.01102,-432.97064,-345.53903,-406.67578,-371.8339,-274.57867,-503.93094,-272,-506.50958,-272,-508.68668,-274.57867,-503.93094,-272,-508.68668,-406.67578,-374.01102,-274.57867,-503.93094,-406.67578,-374.01102,-406.67578,-371.8339,-469.49036,-128,-497.47888,-100.0115,-463.12195,28.210606,-469.49036,-128,-463.12195,28.210606,-444.95786,96,-469.49036,-128,-444.95786,96,-273.47888,96,-469.49036,-128,-273.47888,96,-273.47888,-128,-273.47888,-324.01138,-371.88217,-225.60812,-469.49036,-128,-273.47888,-324.01138,-469.49036,-128,-273.47888,-128,-273.47888,-128,-273.47888,96,-256.56857,96,-273.47888,-128,-256.56857,96,-256,96,-273.47888,-128,-256,96,-49.478874,96,-273.47888,-128,-49.478874,96,-49.478874,-128,-245.49023,-352,-273.47888,-324.01138,-273.47888,-128,-245.49023,-352,-273.47888,-128,-49.478874,-128,-245.49023,-352,-49.478874,-128,-49.478874,-352,-49.478874,-384,-154.648,-384,-213.4902,-384,-49.478874,-384,-213.4902,-384,-245.49023,-352,-49.478874,-384,-245.49023,-352,-49.478874,-352,-49.478874,-128,-49.478874,96,-32,96,-49.478874,-128,-32,96,174.52113,96,-49.478874,-128,174.52113,96,174.52113,-128,-49.478874,-352,-49.478874,-128,174.52113,-128,-49.478874,-352,174.52113,-128,174.52113,-352,174.52113,-384,69.352005,-384,-49.478874,-384,174.52113,-384,-49.478874,-384,-49.478874,-352,174.52113,-384,-49.478874,-352,174.52113,-352,192,96,256,96,256,-127.53711,192,96,256,-127.53711,256,-128,192,96,256,-128,174.52113,-128,192,96,174.52113,-128,174.52113,96,256,-128,256,-317.4903,221.49031,-352,256,-128,221.49031,-352,174.52113,-352,256,-128,174.52113,-352,174.52113,-128,221.49031,-352,189.49031,-384,174.52113,-384,221.49031,-352,174.52113,-384,174.52113,-352,-256,96,-256.56857,96,-256.84744,96.27886,-256,96,-256.84744,96.27886,-256,97.43355,-273.47888,96,-444.95786,96,-405.14658,244.57805,-273.47888,96,-405.14658,244.57805,-256.84744,96.27886,-273.47888,96,-256.84744,96.27886,-256.56857,96,310.24377,21.859858,256.43423,95.86569,406.4284,245.85986,310.24377,21.859858,406.4284,245.85986,435.7136,136.56613,310.24377,21.859858,435.7136,136.56613,466.44907,21.859858,493.6891,-79.80123,430.27194,-143.21838,418.8701,-127.53711,493.6891,-79.80123,418.8701,-127.53711,310.24377,21.859858,493.6891,-79.80123,310.24377,21.859858,466.44907,21.859858,256,-127.53711,256,96,256,96.46289,256,-127.53711,256,96.46289,256.43423,95.86569,256,-127.53711,256.43423,95.86569,310.24377,21.859858,256,-127.53711,310.24377,21.859858,418.8701,-127.53711,430.27194,-143.21838,344.01627,-229.47406,256,-317.4903,430.27194,-143.21838,256,-317.4903,256,-128,430.27194,-143.21838,256,-128,256,-127.53711,430.27194,-143.21838,256,-127.53711,418.8701,-127.53711,643.6071,-121.07911,642.82745,-118.1693,647.8674,-116.81885,-333.968,334.5365,-239.43147,240,-189.34566,189.9142,-333.968,334.5365,-189.34566,189.9142,-255.84438,96,-333.968,334.5365,-255.84438,96,-256.1446,95.57601,-333.968,334.5365,-256.1446,95.57601,-256.56857,96,-333.968,334.5365,-256.56857,96,-414.5365,253.96797,-414.96045,254.39194,-515.94196,355.3735,-512.5587,368,-414.96045,254.39194,-512.5587,368,-512,368,-414.96045,254.39194,-512,368,-367.4315,368,-414.96045,254.39194,-367.4315,368,-333.968,334.5365,-414.96045,254.39194,-333.968,334.5365,-414.5365,253.96797,-512,368,-512.5587,368,-512,370.08517,414.82605,254.2575,406.4284,245.85986,256.43414,95.86562,414.82605,254.2575,256.43414,95.86562,256,96.46273,414.82605,254.2575,256,96.46273,192.15562,184.26978,414.82605,254.2575,192.15562,184.26978,188.59636,189.16492,414.82605,254.2575,188.59636,189.16492,239.43146,240,414.82605,254.2575,239.43146,240,304.5685,305.13702,414.82605,254.2575,304.5685,305.13702,334.25754,334.82605,367.43152,368,384,368,512,368,367.43152,368,512,368,512.5587,368,367.43152,368,512.5587,368,515.94196,355.3734,367.43152,368,515.94196,355.3734,414.82605,254.2575,367.43152,368,414.82605,254.2575,334.25754,334.82605,-239.43147,240,-153.88092,240,-189.34566,189.9142,151.63425,240,239.43146,240,188.59636,189.16492,-143.4315,240,-153.88092,240,-239.43147,240,-143.4315,240,-239.43147,240,-333.968,334.5365,-143.4315,240,-333.968,334.5365,-367.4315,368,-143.4315,240,-367.4315,368,-288,368,-143.4315,240,-288,368,-143.4315,368,80.5685,240,-31.844381,240,-143.4315,240,80.5685,240,-143.4315,240,-143.4315,368,80.5685,240,-143.4315,368,-64,368,80.5685,240,-64,368,80.5685,368,304.5685,305.13702,239.43146,240,151.63425,240,304.5685,305.13702,151.63425,240,80.5685,240,304.5685,305.13702,80.5685,240,80.5685,368,304.5685,305.13702,80.5685,368,160,368,304.5685,305.13702,160,368,304.5685,368,367.43152,368,334.25754,334.82605,304.5685,305.13702,367.43152,368,304.5685,305.13702,304.5685,368,-31.844381,96,-255.84438,96,-189.34566,189.9142,-31.844381,96,-189.34566,189.9142,-153.88092,240,-31.844381,96,-153.88092,240,-143.4315,240,-31.844381,96,-143.4315,240,-31.844381,240,192.15562,96,-31.844381,96,-31.844381,240,192.15562,96,-31.844381,240,80.5685,240,192.15562,96,80.5685,240,151.63425,240,192.15562,96,151.63425,240,188.59636,189.16492,192.15562,96,188.59636,189.16492,192.15562,184.26978,256,96.46273,256,96,192.15562,96,256,96.46273,192.15562,96,192.15562,184.26978,512,370.08508,512.5587,368,512,368,444.3615,104.29162,435.7136,136.56613,406.4284,245.85986,444.3615,104.29162,406.4284,245.85986,515.94196,355.3734,444.3615,104.29162,515.94196,355.3734,573.9175,139.00606,502.337,-112.07576,493.6891,-79.80123,444.3615,104.29162,502.337,-112.07576,444.3615,104.29162,573.9175,139.00606,502.337,-112.07576,573.9175,139.00606,631.89294,-77.361305,642.82745,-118.1693,643.6071,-121.07911,639.8149,-124.87133,642.82745,-118.1693,639.8149,-124.87133,514.7452,-158.38364,642.82745,-118.1693,514.7452,-158.38364,506.0141,-125.79884,642.82745,-118.1693,506.0141,-125.79884,502.337,-112.07576,642.82745,-118.1693,502.337,-112.07576,631.89294,-77.361305,639.8149,-124.87133,534.09357,-230.59282,514.7452,-158.38364,414.05902,-350.6276,331.08383,-433.6029,255.66725,-509.0196,414.05902,-350.6276,255.66725,-509.0196,176,-429.3524,414.05902,-350.6276,176,-429.3524,160.06895,-413.42136,414.05902,-350.6276,160.06895,-413.42136,189.49031,-384,414.05902,-350.6276,189.49031,-384,318.46088,-255.02943,506.0141,-125.79884,514.7452,-158.38364,534.09357,-230.59282,506.0141,-125.79884,534.09357,-230.59282,489.4756,-275.21088,506.0141,-125.79884,489.4756,-275.21088,414.05902,-350.6276,506.0141,-125.79884,414.05902,-350.6276,318.46088,-255.02943,506.0141,-125.79884,318.46088,-255.02943,344.01627,-229.47406,506.0141,-125.79884,344.01627,-229.47406,476.85278,-96.63752,493.6891,-79.80123,502.337,-112.07576,506.0141,-125.79884,493.6891,-79.80123,506.0141,-125.79884,476.85278,-96.63752,-48,-512,-195.31314,-512,-268.68668,-512,-48,-512,-268.68668,-512,-272,-508.68668,-48,-512,-272,-508.68668,-272,-501.35226,-48,-512,-272,-501.35226,-184.06906,-413.42114,-48,-512,-184.06906,-413.42114,-154.648,-384,-48,-512,-154.648,-384,-48,-384,176,-512,28.686865,-512,-48,-512,176,-512,-48,-512,-48,-384,176,-512,-48,-384,69.352005,-384,176,-512,69.352005,-384,130.64758,-384,176,-512,130.64758,-384,160.06895,-413.42136,176,-512,160.06895,-413.42136,176,-429.3524,255.66725,-509.0196,252.68686,-512,176,-512,255.66725,-509.0196,176,-512,176,-429.3524,130.64758,-384,189.49031,-384,160.06895,-413.42136,-531.0375,299.0363,-515.94196,355.3735,-414.96045,254.39194,-531.0375,299.0363,-414.96045,254.39194,-405.14658,244.57805,-531.0375,299.0363,-405.14658,244.57805,-442.845,103.88533,-531.0375,299.0363,-442.845,103.88533,-573.9174,139.0061,