{"map":"pushdm2","version":1,"bounds":{"minX":-8,"maxX":1512,"minY":-232,"maxY":744},"locs":[{"name":"","z":128,"tris":[1152,224,1024,224,1024,384,1152,224,1024,384,1152,384,1408,512,1248,512,1248,736,1408,512,1248,736,1408,736,1504,744,1512,744,1512,512,1504,744,1512,512,1504,512,1280,744,1504,744,1504,512,1280,744,1504,512,1280,512,1056,512,1056,744,1280,744,1056,512,1280,744,1280,512,1512,288,1512,144,1504,144,1512,288,1504,144,1504,288,1504,512,1512,512,1512,288,1504,512,1512,288,1504,288,1440,159,1422.4736,144,1385.6105,144,1440,159,1385.6105,144,1423,176,1504,288,1504,144,1280,144,1504,288,1280,144,1280,288,1280,512,1504,512,1504,288,1280,512,1504,288,1280,288,1056,144,1056,288,1280,288,1056,144,1280,288,1280,144,1056,288,1056,512,1280,512,1056,288,1280,512,1280,288,1512,-8,1504,-8,1504,144,1512,-8,1504,144,1512,144,1422.4736,144,1344,76.83784,1344,108.38739,1422.4736,144,1344,108.38739,1385.6105,144,1344,0,1344,144,1504,144,1344,0,1504,144,1504,0,1344,108.38739,1344,144,1385.6105,144,1344,0,1344,76.83784,1422.4736,144,1344,0,1422.4736,144,1504,144,1344,0,1504,144,1504,0,1344,-16,1344,-8,1504,-8,1344,-16,1504,-8,1504,-16,1504,-8,1344,-8,1344,0,1504,-8,1344,0,1504,0,1344,76.83784,1329,64,1312,81,1344,76.83784,1312,81,1344,108.38739,1280,144,1344,144,1344,0,1280,144,1344,0,1280,0,1056,0,1056,144,1280,144,1056,0,1280,144,1280,0,1344,-8,1280,-8,1280,0,1344,-8,1280,0,1344,0,1280,-8,1056,-8,1056,0,1280,-8,1056,0,1280,0,1056,576,960,576,960,704,1056,576,960,704,1056,704,960,576,736,576,736,704,960,576,736,704,960,704,960,744,1056,744,1056,576,960,744,1056,576,960,576,736,576,736,744,960,744,736,576,960,744,960,576,1056,352,1056,320,960,320,1056,352,960,320,960,352,960,576,1056,576,1056,352,960,576,1056,352,960,352,736,320,736,352,960,352,736,320,960,352,960,320,736,352,736,576,960,576,736,352,960,576,960,352,832,192,736,192,736,320,832,192,736,320,832,320,1056,-8,960,-8,960,96,1056,-8,960,96,1056,96,960,96,960,320,1056,320,960,96,1056,320,1056,96,960,-8,736,-8,736,96,960,-8,736,96,960,96,736,96,736,320,960,320,736,96,960,320,960,96,1376,512,1376,448,1344,448,1376,512,1344,448,1344,512,1344,736,1376,736,1376,512,1344,736,1376,512,1344,512,1504,512,1504,448,1376,448,1504,512,1376,448,1376,512,1376,736,1504,736,1504,512,1376,736,1504,512,1376,512,1344,512,1344,448,1152,448,1344,512,1152,448,1152,512,1152,736,1344,736,1344,512,1152,736,1344,512,1152,512,1504,448,1504,224,1376,224,1504,448,1376,224,1376,448,1376,448,1376,224,1344,224,1376,448,1344,224,1344,448,1344,416,1152,416,1152,448,1344,416,1152,448,1344,448,1152,416,1344,416,1344,224,1152,416,1344,224,1152,224,1152,512,1152,448,992,448,1152,512,992,448,992,512,992,736,1152,736,1152,512,992,736,1152,512,992,512,768,448,768,512,992,512,768,448,992,512,992,448,768,512,768,736,992,736,768,512,992,736,992,512,768,512,768,448,736,448,768,512,736,448,736,512,768,736,768,512,736,512,768,736,736,512,736,736,1152,416,1024,416,1024,448,1152,416,1024,448,1152,448,1024,416,1152,416,1152,224,1024,416,1152,224,1024,224,1024,416,992,416,992,448,1024,416,992,448,1024,448,992,416,768,416,768,448,992,416,768,448,992,448,832,224,832,416,1024,416,832,224,1024,416,1024,224,768,224,768,416,832,416,768,224,832,416,832,224,768,448,768,224,736,224,768,448,736,224,736,448,1504,224,1504,0,1376,0,1504,224,1376,0,1376,224,1376,160,1376,0,1320,0,1376,160,1320,0,1320,160,1320,0,1096,0,1096,160,1320,0,1096,160,1320,160,1376,224,1376,192,1344,192,1376,224,1344,192,1344,224,1344,224,1344,192,1320,192,1344,224,1320,192,1320,224,1320,192,1096,192,1096,224,1320,192,1096,224,1320,224,1376,160,1320,160,1320,192,1376,160,1320,192,1376,192,1320,160,1096,160,1096,192,1320,160,1096,192,1320,192,1168,-224,1096,-224,1096,-152,1168,-224,1096,-152,1168,-152,1176,-224,1168,-224,1168,-152,1176,-224,1168,-152,1176,-152,1096,-144,1176,-144,1176,-152,1096,-144,1176,-152,1096,-152,1096,-224,1176,-224,1176,-232,1096,-224,1176,-232,1096,-232,1168,-224,1096,-224,1096,-152,1168,-224,1096,-152,1168,-152,832,80,832,0,816,0,832,80,816,0,816,80,832,-8,832,-24,736,-24,832,-8,736,-24,736,-8,832,0,832,224,1024,224,832,0,1024,224,1024,0,1096,0,1024,0,1024,160,1096,0,1024,160,1096,160,800,0,800,56,816,56,800,0,816,56,816,0,1096,192,1024,192,1024,224,1096,192,1024,224,1096,224,768,224,768,80,736,80,768,224,736,80,736,224,768,80,768,224,832,224,768,80,832,224,832,80,816,56,736,56,736,80,816,56,736,80,816,80,1096,160,1024,160,1024,192,1096,160,1024,192,1096,192,800,0,816,0,816,-8,800,0,816,-8,800,-8,800,0,816,0,816,-8,800,0,816,-8,800,-8,816,56,816,0,800,0,816,56,800,0,800,56,736,0,800,0,800,-8,736,0,800,-8,736,-8,736,0,800,0,800,-8,736,0,800,-8,736,-8,800,0,736,0,736,56,800,0,736,56,800,56,1064,-152,1064,-144,1096,-144,1064,-152,1096,-144,1096,-152,1064,-232,1064,-224,1096,-224,1064,-232,1096,-224,1096,-232,1064,-224,936,-224,936,-152,1064,-224,936,-152,1064,-152,1096,-224,1064,-224,1064,-152,1096,-224,1064,-152,1096,-152,976,-216,976,-160,984,-160,976,-216,984,-160,984,-216,1024,-208,1064,-208,1064,-216,1024,-208,1064,-216,1024,-216,1064,-200,1024,-200,1024,-192,1064,-200,1024,-192,1064,-192,1064,-184,1024,-184,1024,-176,1064,-184,1024,-176,1064,-176,1064,-168,1024,-168,1024,-160,1064,-168,1024,-160,1064,-160,1016,-168,984,-168,984,-160,1016,-168,984,-160,1016,-160,976,-168,944,-168,944,-160,976,-168,944,-160,976,-160,1016,-184,984,-184,984,-176,1016,-184,984,-176,1016,-176,976,-184,944,-184,944,-176,976,-184,944,-176,976,-176,1016,-200,984,-200,984,-192,1016,-200,984,-192,1016,-192,976,-200,944,-200,944,-192,976,-200,944,-192,976,-192,984,-208,1016,-208,1016,-216,984,-208,1016,-216,984,-216,944,-208,976,-208,976,-216,944,-208,976,-216,944,-216,936,-216,936,-160,944,-160,936,-216,944,-160,944,-216,1016,-216,1016,-160,1024,-160,1016,-216,1024,-160,1024,-216,1064,-192,1064,-152,1096,-152,1064,-192,1096,-152,1096,-192,1056,-176,1056,-168,1064,-168,1056,-176,1064,-168,1064,-176,1056,-192,1056,-184,1064,-184,1056,-192,1064,-184,1064,-192,1064,-192,1064,-152,1096,-152,1064,-192,1096,-152,1096,-192,1016,-160,1056,-160,1056,-192,1016,-160,1056,-192,1016,-192,1024,-168,1056,-168,1056,-176,1024,-168,1056,-176,1024,-176,1024,-184,1056,-184,1056,-192,1024,-184,1056,-192,1024,-192,1096,-224,1064,-224,1064,-192,1096,-224,1064,-192,1096,-192,1056,-208,1056,-200,1064,-200,1056,-208,1064,-200,1064,-208,1096,-224,1064,-224,1064,-192,1096,-224,1064,-192,1096,-192,1056,-192,1056,-216,1016,-216,1056,-192,1016,-216,1016,-192,1024,-200,1056,-200,1056,-208,1024,-200,1056,-208,1024,-208,976,-160,1016,-160,1016,-184,976,-160,1016,-184,976,-184,984,-168,1016,-168,1016,-176,984,-168,1016,-176,984,-176,1016,-184,1016,-208,984,-208,1016,-184,984,-208,984,-184,984,-200,1016,-200,1016,-208,984,-200,1016,-208,984,-208,984,-184,1016,-184,1016,-192,984,-184,1016,-192,984,-192,984,-208,976,-208,976,-184,984,-208,976,-184,984,-184,1016,-208,1016,-216,976,-216,1016,-208,976,-216,976,-208,936,-160,976,-160,976,-184,936,-160,976,-184,936,-184,944,-168,976,-168,976,-176,944,-168,976,-176,944,-176,976,-184,976,-208,944,-208,976,-184,944,-208,944,-184,944,-184,976,-184,976,-192,944,-184,976,-192,944,-192,944,-200,976,-200,976,-208,944,-200,976,-208,944,-208,944,-208,936,-208,936,-184,944,-208,936,-184,944,-184,976,-208,976,-216,936,-216,976,-208,936,-216,936,-208,824,-24,824,-152,736,-152,824,-24,736,-152,736,-24,816,-8,816,-152,736,-152,816,-8,736,-152,736,-8,888,-216,888,-160,896,-160,888,-216,896,-160,896,-216,856,-208,888,-208,888,-216,856,-208,888,-216,856,-216,896,-208,936,-208,936,-216,896,-208,936,-216,896,-216,888,-200,856,-200,856,-192,888,-200,856,-192,888,-192,936,-200,896,-200,896,-192,936,-200,896,-192,936,-192,888,-184,856,-184,856,-176,888,-184,856,-176,888,-176,936,-184,896,-184,896,-176,936,-184,896,-176,936,-176,888,-168,856,-168,856,-160,888,-168,856,-160,888,-160,936,-168,896,-168,896,-160,936,-168,896,-160,936,-160,848,-168,824,-168,824,-160,848,-168,824,-160,848,-160,848,-184,824,-184,824,-176,848,-184,824,-176,848,-176,848,-200,824,-200,824,-192,848,-200,824,-192,848,-192,824,-208,