{"map":"speed2","version":1,"bounds":{"minX":-1536,"maxX":1528,"minY":-1536,"maxY":1520},"locs":[{"name":"","z":0,"tris":[1520,80,1520,112,1528,112,1520,80,1528,112,1528,25.599983,1520,80,1528,25.599983,1528,-112,1520,80,1528,-112,1520,-112,1528,-112,1528,-176,1520,-176,1528,-112,1520,-176,1520,-144,1528,-112,1520,-144,1520,-112,-1536,-576,-1536,-384,-1312,-384,-1536,-576,-1312,-384,-1312,-608,-1536,-576,-1312,-608,-1504,-608,-1312,-608,-1312,-800,-1472,-640,-1312,-608,-1472,-640,-1504,-608,-1312,-384,-1232,-384,-1200,-384,-1312,-384,-1200,-384,-1088,-384,-1312,-384,-1088,-384,-1088,-608,-1312,-384,-1088,-608,-1312,-608,-1088,-608,-1088,-832,-1280,-832,-1088,-608,-1280,-832,-1312,-800,-1088,-608,-1312,-800,-1312,-608,-1088,-832,-1088,-1024,-1248,-864,-1088,-832,-1248,-864,-1280,-832,-1088,-384,-976,-384,-896,-384,-1088,-384,-896,-384,-870,-384,-1088,-384,-870,-384,-864,-390,-1088,-384,-864,-390,-864,-608,-1088,-384,-864,-608,-1088,-608,-864,-608,-864,-614,-864,-832,-864,-608,-864,-832,-1088,-832,-864,-608,-1088,-832,-1088,-608,-864,-832,-864,-838,-864,-1056,-864,-832,-864,-1056,-1056,-1056,-864,-832,-1056,-1056,-1088,-1024,-864,-832,-1088,-1024,-1088,-832,-864,-1056,-864,-1062,-864,-1248,-864,-1056,-864,-1248,-1024,-1088,-864,-1056,-1024,-1088,-1056,-1056,-864,-608,-864,-390,-806,-448,-864,-608,-806,-448,-640,-614,-864,-608,-640,-614,-864,-614,-640,-614,-640,-838,-864,-838,-640,-614,-864,-838,-864,-832,-640,-614,-864,-832,-864,-614,-640,-838,-640,-1062,-864,-1062,-640,-838,-864,-1062,-864,-1056,-640,-838,-864,-1056,-864,-838,-640,-1062,-640,-1286,-826,-1286,-640,-1062,-826,-1286,-864,-1248,-640,-1062,-864,-1248,-864,-1062,-640,-1286,-640,-1472,-800,-1312,-640,-1286,-800,-1312,-826,-1286,-640,-614,-582,-672,-416,-838,-640,-614,-416,-838,-640,-838,-416,-838,-416,-1062,-640,-1062,-416,-838,-640,-1062,-640,-838,-416,-1062,-416,-1286,-640,-1286,-416,-1062,-640,-1286,-640,-1062,-416,-1286,-416,-1510,-602,-1510,-416,-1286,-602,-1510,-640,-1472,-416,-1286,-640,-1472,-640,-1286,-416,-1510,-416,-1536,-576,-1536,-416,-1510,-576,-1536,-602,-1510,-416,-838,-384,-870,-384,-896,-416,-838,-384,-896,-384,-1062,-416,-838,-384,-1062,-416,-1062,-384,-1062,-384,-1120,-384,-1200,-384,-1062,-384,-1200,-384,-1232,-384,-1062,-384,-1232,-384,-1286,-384,-1062,-384,-1286,-416,-1286,-384,-1062,-416,-1286,-416,-1062,-384,-1286,-384,-1456,-384,-1510,-384,-1286,-384,-1510,-416,-1510,-384,-1286,-416,-1510,-416,-1286,-384,-1510,-384,-1536,-416,-1536,-384,-1510,-416,-1536,-416,-1510,-896,-384,-896,-358,-870,-384,-358,-896,-384,-896,-384,-870,608,-1232,512,-1232,384,-1232,608,-1232,384,-1232,384,-1200,608,-1232,384,-1200,512,-1200,608,-1232,512,-1200,608,-1200,832,-1232,736,-1232,608,-1232,832,-1232,608,-1232,608,-1200,832,-1232,608,-1200,736,-1200,832,-1232,736,-1200,832,-1200,896,-1200,896,-1216,880,-1232,896,-1200,880,-1232,832,-1232,896,-1200,832,-1232,832,-1200,-384,-1120,-384,-1062,-384,-896,-384,-1120,-384,-896,-358,-896,-384,-1120,-358,-896,-160,-896,-384,-1120,-160,-896,-160,-1120,-160,-1200,-384,-1200,-384,-1120,-160,-1200,-384,-1120,-160,-1120,-160,-1120,-160,-896,-134,-896,-160,-1120,-134,-896,64,-896,-160,-1120,64,-896,64,-1120,64,-1200,-160,-1200,-160,-1120,64,-1200,-160,-1120,64,-1120,64,-1120,64,-896,90,-896,64,-1120,90,-896,288,-896,64,-1120,288,-896,288,-1120,288,-1200,64,-1200,64,-1120,288,-1200,64,-1120,288,-1120,288,-1120,288,-896,314,-896,288,-1120,314,-896,358,-896,288,-1120,358,-896,512,-896,288,-1120,512,-896,512,-1120,512,-1200,384,-1200,288,-1200,512,-1200,288,-1200,288,-1120,512,-1200,288,-1120,512,-1120,512,-1120,512,-896,582,-896,512,-1120,582,-896,736,-896,512,-1120,736,-896,736,-1120,736,-1200,608,-1200,512,-1200,736,-1200,512,-1200,512,-1120,736,-1200,512,-1120,736,-1120,806,-896,896,-896,896,-1056,806,-896,896,-1056,896,-1120,806,-896,896,-1120,736,-1120,806,-896,736,-1120,736,-896,896,-1120,896,-1200,832,-1200,896,-1120,832,-1200,736,-1200,896,-1120,736,-1200,736,-1120,-384,-1456,-384,-1286,-384,-1232,-384,-1456,-384,-1232,-160,-1232,-384,-1456,-160,-1232,-160,-1456,-160,-1536,-352,-1536,-384,-1536,-160,-1536,-384,-1536,-384,-1510,-160,-1536,-384,-1510,-384,-1456,-160,-1536,-384,-1456,-160,-1456,-160,-1456,-160,-1232,64,-1232,-160,-1456,64,-1232,64,-1456,64,-1536,-128,-1536,-160,-1536,64,-1536,-160,-1536,-160,-1456,64,-1536,-160,-1456,64,-1456,64,-1456,64,-1232,288,-1232,64,-1456,288,-1232,288,-1456,288,-1536,96,-1536,64,-1536,288,-1536,64,-1536,64,-1456,288,-1536,64,-1456,288,-1456,288,-1456,288,-1232,384,-1232,288,-1456,384,-1232,512,-1232,288,-1456,512,-1232,512,-1456,512,-1536,320,-1536,288,-1536,512,-1536,288,-1536,288,-1456,512,-1536,288,-1456,512,-1456,736,-1376,656,-1456,512,-1456,736,-1376,512,-1456,512,-1232,736,-1376,512,-1232,608,-1232,736,-1376,608,-1232,736,-1232,656,-1456,576,-1536,544,-1536,656,-1456,544,-1536,512,-1536,656,-1456,512,-1536,512,-1456,832,-1232,880,-1232,800,-1312,832,-1232,800,-1312,736,-1376,832,-1232,736,-1376,736,-1232,896,-608,896,-582,896,-384,896,-608,896,-384,1120,-384,896,-608,1120,-384,1120,-608,896,-832,896,-806,896,-608,896,-832,896,-608,1120,-608,896,-832,1120,-608,1120,-832,1120,-992,1056,-1056,896,-1056,1120,-992,896,-1056,896,-896,1120,-992,896,-896,896,-832,1120,-992,896,-832,1120,-832,1056,-1056,1024,-1088,896,-1216,1056,-1056,896,-1216,896,-1200,1056,-1056,896,-1200,896,-1120,1056,-1056,896,-1120,896,-1056,1120,-608,1120,-384,1200,-384,1120,-608,1200,-384,1232,-384,1120,-608,1232,-384,1344,-384,1120,-608,1344,-384,1344,-608,1344,-768,1280,-832,1120,-832,1344,-768,1120,-832,1120,-608,1344,-768,1120,-608,1344,-608,1280,-832,1248,-864,1120,-992,1280,-832,1120,-992,1120,-832,1456,-384,1520,-384,1520,-592,1456,-384,1520,-592,1504,-608,1456,-384,1504,-608,1344,-608,1456,-384,1344,-608,1344,-384,1504,-608,1472,-640,1344,-768,1504,-608,1344,-768,1344,-608,582,-896,512,-896,358,-896,582,-896,358,-896,582,-672,582,-672,806,-448,806,-582,582,-672,806,-582,806,-672,806,-806,806,-896,736,-896,806,-806,736,-896,582,-896,806,-806,582,-896,582,-672,806,-806,582,-672,806,-672,896,-358,896,-384,896,-582,896,-358,896,-582,806,-582,896,-358,806,-582,806,-448,896,-582,896,-608,896,-806,896,-582,896,-806,806,-806,896,-582,806,-806,806,-672,896,-582,806,-672,806,-582,896,-806,896,-832,896,-896,896,-806,896,-896,806,-896,896,-806,806,-896,806,-806,-1536,320,-1536,384,-1312,384,-1536,320,-1312,384,-1312,160,-1536,320,-1312,160,-1536,160,-1312,160,-1312,-64,-1536,-64,-1312,160,-1536,-64,-1536,96,-1312,160,-1536,96,-1536,160,-1312,-64,-1312,-288,-1536,-288,-1312,-64,-1536,-288,-1536,-128,-1312,-64,-1536,-128,-1536,-64,-1312,-288,-1312,-384,-1536,-384,-1312,-288,-1536,-384,-1536,-352,-1312,-288,-1536,-352,-1536,-288,-1312,384,-1232,384,-1232,288,-1312,384,-1232,288,-1232,160,-1312,384,-1232,160,-1312,160,-1232,160,-1232,64,-1232,-64,-1232,160,-1232,-64,-1312,-64,-1232,160,-1312,-64,-1312,160,-1232,-64,-1232,-160,-1232,-288,-1232,-64,-1232,-288,-1312,-288,-1232,-64,-1312,-288,-1312,-64,-1232,-288,-1232,-384,-1312,-384,-1232,-288,-1312,-384,-1312,-288,-1200,912,-1088,1024,-976,1136,-1200,912,-976,1136,-976,976,-1200,912,-976,976,-976,912,-1200,912,-976,912,-976,752,-1200,912,-976,752,-976,688,-1200,912,-976,688,-1200,688,-976,688,-976,528,-976,464,-976,688,-976,464,-1200,464,-976,688,-1200,464,-1200,688,-976,464,-976,304,-976,240,-976,464,-976,240,-1200,240,-976,464,-1200,240,-1200,288,-976,464,-1200,288,-1200,384,-976,464,-1200,384,-1200,464,-976,240,-976,80,-976,16,-976,240,-976,16,-1200,16,-976,240,-1200,16,-1200,64,-976,240,-1200,64,-1200,240,-976,16,-976,-144,-976,-208,-976,16,-976,-208,-1200,-208,-976,16,-1200,-208,-1200,-160,-976,16,-1200,-160,-1200,16,-976,-208,-976,-384,-1088,-384,-976,-208,-1088,-384,-1200,-384,-976,-208,-1200,-384,-1200,-208,-976,1136,-912,1200,-896,1200,-976,1136,-896,1200,-896,976,-976,1136,-896,976,-976,976,-896,976,-896,752,-976,752,-896,976,-976,752,-976,912,-896,976,-976,912,-976,976,-896,752,-896,528,-976,528,-896,752,-976,528,-976,688,-896,752,-976,688,-976,752,-896,528,-896,358,-896,314,-896,