{"map":"tearena","version":1,"bounds":{"minX":-592,"maxX":592,"minY":-592,"maxY":592},"locs":[{"name":"","z":-320,"tris":[-288,-288,-288,-361.89777,-362.1025,-288,-368,-264,-368,-288,-392,-288,-368,-264,-368,-64,-365.40607,-64,-368,-264,-365.40607,-64,-288,-64,-368,-264,-288,-64,-288,-92,-368,-264,-288,-92,-288,-288,-368,-264,-288,-288,-362.1025,-288,-368,-264,-362.1025,-288,-368,-288,-365.40607,-64,-356,-54.56798,-302,-0.41770327,-365.40607,-64,-302,-0.41770327,-288,-14.378449,-365.40607,-64,-288,-14.378449,-288,-64,-64,-288,-64,-237.75966,-13.620476,-288,-64,-288,-13.620476,-288,0.41770554,-302,-64,-288,0.41770554,-302,-53.43364,-356,-64,-288,-53.43364,-356,-64,-366.59558,-288,-361.89777,-288,-288,-264,-264,-288,-361.89777,-264,-264,-264,-288,-288,-361.89777,-264,-288,-264,-368,-288,-361.89777,-264,-368,-288,-392,-264,-264,-92,-92,-64,-64,-264,-264,-64,-64,-64,-237.75966,-264,-264,-64,-237.75966,-64,-288,-264,-264,-64,-288,-264,-288,-64,-288,-64,-366.59558,-64,-368,-64,-288,-64,-368,-264,-368,-64,-288,-264,-368,-264,-288,-32,-32,-32,32,32,32,-32,-32,32,32,32,-32,-356,53.433712,-302,-0.41770327,-356,-54.56798,-368,264,-392,288,-368,288,-361.89777,288,-288,288,-288,132,-361.89777,288,-288,132,-288,64,-361.89777,288,-288,64,-366.59555,64,-361.89777,288,-366.59555,64,-368,65.400566,-361.89777,288,-368,65.400566,-368,264,-361.89777,288,-368,264,-368,288,-288,64,-288,-14.378449,-302,-0.41770327,-288,64,-302,-0.41770327,-356,53.433712,-288,64,-356,53.433712,-366.59555,64,-368,64,-368,65.400566,-366.59555,64,-288,362.1025,-288,356,-288,288,-288,362.1025,-288,288,-361.89777,288,-288,288,-288,356,-264,356,-288,288,-264,356,-64,356,-288,288,-64,356,-64,132,-288,288,-64,132,-288,132,-64,132,-64,64,-64,-64,-64,132,-64,-64,-92,-92,-64,132,-92,-92,-288,-92,-64,132,-288,-92,-288,-64,-64,132,-288,-64,-288,-14.378449,-64,132,-288,-14.378449,-288,64,-64,132,-288,64,-288,132,-92,-92,-264,-264,-288,-288,-92,-92,-288,-288,-288,-92,-288,362.1025,-288,392,-264,368,-288,362.1025,-264,368,-264,356,-288,362.1025,-264,356,-288,356,-64,368,-64,365.40607,-64,356,-64,368,-64,356,-264,356,-64,368,-264,356,-264,368,-64,356,-64,365.40607,-54.56788,356,288,-392,264,-368,288,-368,54.567875,-356,-53.43364,-356,0.41770554,-302,64,-64,64,-160,64,-288,64,-64,64,-288,-13.620476,-288,64,-64,-13.620476,-288,-64,-237.75966,64,-64,-64,-237.75966,-64,-64,64,-288,64,-365.40607,54.567875,-356,64,-288,54.567875,-356,0.41770554,-302,64,-288,0.41770554,-302,-13.620476,-288,356,-64,366.59555,-64,368,-64,356,-64,368,-64,368,-264,356,-64,368,-264,368,-281.88086,356,-64,368,-281.88086,361.89777,-288,356,-64,361.89777,-288,288,-288,356,-64,288,-288,288,-160,356,-64,288,-160,288,-64,361.89777,-288,288,-362.1025,288,-288,368,-281.88086,376.92807,-272.92807,392,-288,368,-281.88086,392,-288,361.89777,-288,368,-264,376.92807,-272.92807,368,-281.88086,64,-64,64,64,160,64,64,-64,160,64,288,64,64,-64,288,64,288,-64,64,-64,288,-64,288,-160,64,-64,288,-160,64,-160,288,-160,288,-288,288,-362.1025,288,-160,288,-362.1025,288,-368,288,-160,288,-368,264,-368,288,-160,264,-368,64,-368,288,-160,64,-368,64,-365.40607,288,-160,64,-365.40607,64,-288,288,-160,64,-288,64,-160,288,64,356,64,356,54.567875,288,64,356,54.567875,356,-53.43372,288,64,356,-53.43372,356,-64,288,64,356,-64,288,-64,356,-53.43372,366.59555,-64,356,-64,365.40607,64,356,54.567875,356,64,-64,132,-64,356,-54.56788,356,-64,132,-54.56788,356,53.433693,356,-64,132,53.433693,356,64,356,-64,132,64,356,160,356,-64,132,160,356,160,132,160,64,64,64,-64,64,160,64,-64,64,-64,132,160,64,-64,132,160,132,160,132,160,356,288,356,160,132,288,356,288,288,160,132,288,288,288,132,288,64,160,64,160,132,288,64,160,132,288,132,64,366.59558,64,356,53.433693,356,160,356,64,356,64,366.59558,160,356,64,366.59558,64,368,160,356,64,368,264,368,160,356,264,368,288,368,160,356,288,368,288,361.8978,160,356,288,361.8978,288,356,368,264,368,64,365.40607,64,368,264,365.40607,64,356,64,368,264,356,64,288,64,368,264,288,64,288,132,368,264,288,132,288,288,368,264,288,288,362.1025,288,368,264,362.1025,288,368,288,368,264,368,288,392,288,288,356,288,361.8978,362.1025,288,288,356,362.1025,288,288,288,288,392,288,368,264,368,64,592,64,536,64,512,64,592,64,512,64,488,64,592,64,488,64,464,64,592,64,464,64,440,64,592,64,440,64,416,64,592,64,416,64,392,64,592,64,392,64,366.59558,64,592,64,366.59558,53.4337,356,64,592,53.4337,356,-54.56787,356,64,592,-54.56787,356,-64,365.40607,64,592,-64,365.40607,-64,392,64,592,-64,392,-64,416,64,592,-64,416,-64,440,64,592,-64,440,-64,464,64,592,-64,464,-64,488,64,592,-64,488,-64,512,64,592,-64,512,-64,536,64,592,-64,536,-64,592,315.97507,334,288,361.8978,288,392,315.97507,334,288,392,288,416,315.97507,334,288,416,288,440,315.97507,334,288,440,288,464,315.97507,334,288,464,288,488,315.97507,334,288,488,288,512,315.97507,334,288,512,288,536,315.97507,334,288,536,288,558,315.97507,334,288,558,368,478,315.97507,334,368,478,512,334,512,288,488,288,464,288,512,288,464,288,440,288,512,288,440,288,416,288,512,288,416,288,392,288,512,288,392,288,362.10248,288,512,288,362.10248,288,315.97507,334,512,288,315.97507,334,512,334,558,288,536,288,512,288,558,288,512,288,512,334,536,264,582,264,592,254,536,264,592,254,592,161.95312,536,264,592,161.95312,592,93.29297,536,264,592,93.29297,592,64,536,264,592,64,536,64,264,536,64,536,64,592,264,536,64,592,94.36666,592,264,536,94.36666,592,162.03528,592,264,536,162.03528,592,254,592,264,536,254,592,264,582,582,264,536,264,559,287,287,559,264,536,264,582,536,-64,512,-64,488,-64,536,-64,488,-64,464,-64,536,-64,464,-64,440,-64,536,-64,440,-64,416,-64,536,-64,416,-64,392,-64,536,-64,392,-64,366.59558,-64,536,-64,366.59558,-64,356,-53.4337,536,-64,356,-53.4337,356,54.56787,536,-64,356,54.56787,365.40607,64,536,-64,365.40607,64,392,64,536,-64,392,64,416,64,536,-64,416,64,440,64,536,-64,440,64,464,64,536,-64,464,64,488,64,536,-64,488,64,512,64,536,-64,512,64,536,64,536,-64,536,64,592,64,536,-64,592,64,592,-64,54.56787,-356,64,-365.40607,64,-392,54.56787,-356,64,-392,64,-416,54.56787,-356,64,-416,64,-440,54.56787,-356,64,-440,64,-464,54.56787,-356,64,-464,64,-536,54.56787,-356,64,-536,64,-592,54.56787,-356,64,-592,-64,-592,54.56787,-356,-64,-592,-64,-536,54.56787,-356,-64,-536,-64,-512,54.56787,-356,-64,-512,-64,-488,54.56787,-356,-64,-488,-64,-464,54.56787,-356,-64,-464,-64,-440,54.56787,-356,-64,-440,-64,-416,54.56787,-356,-64,-416,-64,-392,54.56787,-356,-64,-392,-64,-366.59558,54.56787,-356,-64,-366.59558,-53.4337,-356,264,-582,264,-536,287,-559,264,-536,264,-582,254,-592,264,-536,254,-592,161.95312,-592,264,-536,161.95312,-592,93.29297,-592,264,-536,93.29297,-592,64,-592,264,-536,64,-592,64,-536,559,-287,536,-264,582,-264,536,-264,536,-64,592,-64,536,-264,592,-64,592,-94.36666,536,-264,592,-94.36666,592,-162.0353,536,-264,592,-162.0353,592,-254,536,-264,592,-254,582,-264,512,-334,478,-368,334,-512,512,-334,334,-512,288,-512,512,-334,288,-512,288,-488,512,-334,288,-488,288,-464,512,-334,288,-464,288,-440,512,-334,288,-440,288,-416,512,-334,288,-416,288,-392,512,-334,288,-392,288,-362.10263,512,-334,288,-362.10263,361.8978,-288,512,-334,361.8978,-288,392,-288,512,-334,392,-288,416,-288,512,-334,416,-288,488,-288,512,-334,488,-288,512,-288,334,-512,288,-558,288,-536,334,-512,288,-536,288,-512,558,-288,512,-334,512,-288,-536,264,-582,264,-559,287,-536,264,-536,64,-592,64,-536,264,-592,64,-592,94.36666,-536,264,-592,94.36666,-592,162.03528,-536,264,-592,162.03528,-592,254,-536,264,-592,254,-582,264,-264,536,-287,559,-264,582,-264,536,-264,582,-254,592,-264,536,-254,592,-161.95312,592,-264,536,-161.95312,592,-93.29297,592,-264,536,-93.29297,592,-64,592,-264,536,-64,592,-64,536,-334,334,-334,315.97507,-361.8978,288,-334,334,-361.8978,288,-392,288,-334,334,-392,288,-416,288,-334,334,-416,288,-440,288,-334,334,-440,288,-464,288,-334,334,-464,288,-488,288,-334,334,-488,288,-512,288,-334,334,-512,288,-536,288,-334,334,-536,288,-558,288,-334,334,-558,288,-448,398,-334,334,-448,398,-334,512,-288,558,-288,536,-288,512,-288,558,-288,512,-288,488,-288,