{"map":"utressor","version":1,"bounds":{"minX":-702,"maxX":544,"minY":-528,"maxY":416},"locs":[{"name":"","z":960,"tris":[-384,-72,-384,-96,-410.66666,-16,-384,-72,-410.66666,-16,-384,-16,-416,0,-416,32,-384,32,-416,0,-384,32,-384,0,-365.33334,-16,-356,-72,-384,-72,-365.33334,-16,-384,-72,-384,-16,-276,-186,-187.28572,-239.03572,-184,-241.5,-276,-186,-184,-241.5,-208,-273,-276,-186,-208,-273,-276,-222,-384,0,-384,32,-256,32,-384,0,-256,32,-256,0,-208,-273,-184,-241.5,-179.36842,-242.36842,-208,-273,-179.36842,-242.36842,-96,-267,-208,-273,-96,-267,-96,-294,-356,-72,-322,-138,-364,-156,-356,-72,-364,-156,-384,-96,-356,-72,-384,-96,-384,-72,-276,-186,-322,-138,-187.28572,-239.03572,-356,-72,-365.33334,-16,-362.66666,-16,-356,-72,-362.66666,-16,-322,-138,-364,-156,-322,-138,-276,-186,-364,-156,-276,-186,-276,-222,-184,-241.5,-183.73827,-241.15648,-183.68904,-241.09187,-184,-241.5,-183.68904,-241.09187,-179.36842,-242.36842,-256,0,-256,32,-224,32,-256,0,-224,32,-224,0,-187.28572,-239.03572,-183.73827,-241.15648,-184,-241.5,-384,0,-256,0,-224,0,-384,0,-224,0,-224,-16,-384,0,-224,-16,-362.66666,-16,-384,0,-362.66666,-16,-365.33334,-16,-384,0,-365.33334,-16,-384,-16,-384,0,-384,-16,-410.66666,-16,-384,0,-410.66666,-16,-416,-16,-384,0,-416,-16,-416,0,-128,56,-86,86,-70,70,-128,56,-70,70,-112,28,-224,0,-224,32,-128,56,-224,0,-128,56,-112,28,-224,0,-112,28,-104,14,-224,0,-104,14,-224,-16,-56,128,-86,86,-128,56,0,-312,0,-288,192,-288,0,-312,192,-288,192,-312,224,-288,192,-288,0,-288,224,-288,0,-288,0,-276,224,-288,0,-276,224,-276,304,-276,304,-288,224,-288,304,-276,224,-288,224,-276,0,-276,-96,-267,-179.36842,-242.36842,0,-276,0,-288,0,-312,0,-276,0,-312,-96,-294,0,-276,-96,-294,-96,-267,544,-312,544,-320,496,-320,544,-312,496,-320,496,-312,304,-240,304,-96,314,-56,304,-240,314,-56,344,-26,304,-240,344,-26,384,-16,304,-240,384,-16,496,-16,304,-240,496,-16,496,-224,304,-240,496,-224,496,-240,496,-276,304,-276,304,-240,496,-276,304,-240,496,-240,416,-288,304,-288,304,-276,416,-288,304,-276,496,-276,416,-288,496,-276,496,-288,416,-312,192,-312,192,-288,416,-312,192,-288,224,-288,416,-312,224,-288,304,-288,416,-312,304,-288,416,-288,496,-288,544,-288,544,-312,496,-288,544,-312,496,-312,496,-288,496,-312,416,-312,496,-288,416,-312,416,-288,-28,112,-70,70,-86,86,-28,112,-86,86,-56,128,336,364,414,286,393,265,336,364,393,265,312,322,-32,224,0,224,16,224,-32,224,16,224,-14,104,-32,224,-14,104,-28,112,-32,224,-28,112,-56,128,0,384,-32,384,-32,416,0,384,-32,416,16,416,0,384,16,416,16,384,414,286,492,208,450,184,414,286,450,184,393,265,-70,70,-28,112,-14,104,-70,70,-14,104,-104,14,-70,70,-104,14,-112,28,450,184,484,96,496,0,224,356,312,322,128,368,393,265,450,184,312,322,128,416,224,392,224,356,128,416,224,356,128,368,450,184,492,208,520,96,450,184,520,96,484,96,16,384,16,416,128,416,16,384,128,416,128,368,16,384,128,368,16,368,0,256,0,384,16,384,0,256,16,384,16,368,0,256,16,368,16,224,0,256,16,224,0,224,496,-16,496,0,544,0,496,-16,544,0,544,-16,496,-16,544,-16,544,-224,496,-16,544,-224,496,-224,544,-224,544,-288,496,-288,544,-224,496,-288,496,-276,544,-224,496,-276,496,-240,544,-224,496,-240,496,-224,224,392,336,364,312,322,224,392,312,322,224,356,496,0,484,96,520,96,496,0,520,96,544,0,-32,384,0,384,0,256,-32,384,0,256,-32,256,-32,224,-32,256,0,256,-32,224,0,256,0,224,-448,-16,-416,-16,-410.66666,-16,-448,-16,-410.66666,-16,-384,-96,-448,-16,-384,-96,-384,-141,-448,-16,-384,-141,-384,-320,-448,-16,-384,-320,-448,-320,-416,-16,-448,-16,-448,32,-416,-16,-448,32,-416,32,-364,-156,-224,-261,-224,-270,-364,-156,-224,-270,-224,-320,-364,-156,-224,-320,-384,-320,-364,-156,-384,-320,-384,-141,-384,-96,-364,-156,-384,-141,-32,-312,-32,-320,-224,-320,-32,-312,-224,-320,-224,-270,-32,-312,-224,-270,-208,-273,-32,-312,-208,-273,-32,-306,-208,-273,-224,-270,-224,-261,-104,14,-96,0,-160,0,-32,416,-32,224,-56,128,-32,416,-56,128,-128,56,-32,416,-128,56,-224,32,-32,416,-224,32,-416,32,-32,416,-416,32,-448,32,-32,416,-448,32,-448,416,-32,-306,0,-312,-32,-312,0,-312,496,-312,496,-320,0,-312,496,-320,-32,-320,0,-312,-32,-320,-32,-312,-224,-16,496,-16,496,-276,-224,-16,496,-276,0,-276,-224,-16,0,-276,-184,-241.5,-224,-16,-184,-241.5,-322,-138,-224,-16,-322,-138,-362.66666,-16,-96,0,128,0,496,0,-96,0,496,0,496,-16,-96,0,496,-16,-224,-16,-96,0,-224,-16,-160,0,128,416,365.7143,416,336,364,492,208,336,364,365.7143,416,492,208,365.7143,416,544,416,492,208,544,416,544,237.71428,544,0,492,208,544,237.71428,-14,104,106,224,128,246,-14,104,128,246,128,0,-14,104,128,0,-96,0,-14,104,-96,0,-104,14,16,224,106,224,-14,104,128,246,128,368,312,322,128,246,312,322,450,184,128,246,450,184,496,0,128,246,496,0,128,0,16,224,16,368,128,368,16,224,128,368,128,246,16,224,128,246,106,224,378,346,408,364,417,331,378,346,417,331,402,322,444,364,474,346,450,322,444,364,450,322,435,331,459,307,492,316,492,280,459,307,492,280,459,289,352,224,304,272,348,316,352,224,348,316,378,346,352,224,378,346,402,322,352,224,402,322,450,274,352,224,450,274,474,250,352,224,474,250,444,220,352,224,444,220,400,176,304,272,352,224,316,224,304,272,316,224,256,224,256,224,316,224,341,157.33333,256,224,341,157.33333,341,81.28244,256,224,341,81.28244,308,89.34351,256,224,308,89.34351,117,136,256,224,117,136,128,224,341,157.33333,352,128,372.39496,73.61345,341,157.33333,372.39496,73.61345,341,81.28244,341,157.33333,316,224,352,224,341,157.33333,352,224,400,176,341,157.33333,400,176,352,128,474,346,492,316,459,307,474,346,459,307,450,322,450,274,459,289,492,280,450,274,492,280,474,250,444,364,435,331,417,331,444,364,417,331,408,364,308,-16,196,-16,84,48,308,-16,84,48,117,136,308,-16,117,136,308,89.34351,341,81.28244,372.39496,73.61345,376,64,341,81.28244,376,64,384,0,341,81.28244,384,0,384,-16,341,81.28244,384,-16,340,-16,341,81.28244,340,-16,320,-16,341,81.28244,320,-16,308,-16,341,81.28244,308,-16,308,89.34351,192,248,256,224,128,224,192,248,128,224,128,256,96,-16,38.285713,-16,84,48,96,-16,84,48,196,-16,320,-96,224,-96,96,-96,320,-96,96,-96,96,-88,320,-96,96,-88,96,-16,320,-96,96,-16,196,-16,320,-96,196,-16,308,-16,320,-96,308,-16,320,-16,340,-16,332.8,-44.8,328,-64,340,-16,328,-64,320,-96,340,-16,320,-96,320,-16,264,-144,272,-144,272,-272,264,-144,272,-272,264,-272,272,-144,288,-144,288,-272,272,-144,288,-272,272,-272,256,-144,264,-144,264,-272,256,-144,264,-272,256,-272,328,-64,332.8,-44.8,352,-40,384,-16,384,-32,352,-40,384,-16,352,-40,332.8,-44.8,384,-16,332.8,-44.8,340,-16,96,-125.818184,96,-120,96,-96,96,-125.818184,96,-96,224,-96,96,-125.818184,224,-96,224,-144,96,-125.818184,224,-144,96,-144,224,-144,256,-144,256,-272,224,-144,256,-272,224,-272,224,-144,224,-272,96,-272,224,-144,96,-272,96,-144,96,-16,96,-88,85.333336,-85.333336,96,-16,85.333336,-85.333336,29,-29,96,-16,29,-29,38.285713,-16,-32,-96,-32,-52,-24,-60,-32,-96,-24,-60,12,-96,-32,-128,-32,-96,12,-96,-32,-128,12,-96,24,-96,-32,-128,24,-96,26.947369,-96,-32,-128,26.947369,-96,64,-112,-32,-128,64,-112,96,-125.818184,-32,-128,96,-125.818184,96,-144,-32,-128,96,-144,96,-272,-32,-128,96,-272,96,-288,-32,-128,96,-288,0,-279,-32,-128,0,-279,-32,-270,96,-125.818184,64,-112,96,-120,20,-93,24,-96,12,-96,20,-93,12,-96,-24,-60,26.947369,-96,24,-96,20,-93,85.333336,-85.333336,32,-72,6,-46,85.333336,-85.333336,6,-46,29,-29,96,-288,96,-272,224,-272,96,-288,224,-272,224,-288,96,-288,224,-288,224,-320,96,-288,224,-320,96,-320,-128,56,-160,48,-160,65.03226,-128,56,-160,65.03226,-127.20379,56.56872,-160,256,-96,280,-56,285,-160,256,-56,285,-56,128,-160,256,-56,128,-86,86,-160,256,-86,86,-127.20379,56.56872,-160,256,-127.20379,56.56872,-160,65.03226,-160,256,-160,65.03226,-192,73.29032,-160,256,-192,73.29032,-280,96,-160,256,-280,96,-256,160,-160,256,-256,160,-216,216,-56,285,-32,288,-32,224,-56,285,-32,224,-56,128,-192,32,-288,32,-320,32,-192,32,-320,32,-328,32,-192,32,-328,32,-385.72153,32,-192,32,-385.72153,32,-416,32,-192,32,-416,32,-404,128,-192,32,-404,128,-371.85184,119.703705,-192,32,-371.85184,119.703705,-280,96,-192,32,-280,96,-192,73.29032,-160,65.03226,-160,48,-160,32,-160,