{"map":"veddm8","version":1,"bounds":{"minX":-656,"maxX":544,"minY":-704,"maxY":512},"locs":[{"name":"","z":64,"tris":[-63.998108,496,-127.997635,496,-127.997635,512,-63.998108,496,-127.997635,512,-63.998108,512,-127.997635,496,-63.998108,496,-64.00568,480,-127.997635,496,-64.00568,480,-128.00142,480,528,48,528,112,544,112,528,48,544,112,544,48,528,112,528,48,512,48.00305,528,112,512,48.00305,512,112,80,-352,80,-672,-128,-672,80,-352,-128,-672,-128,-352,-416,-528,-416,-512,-400,-512,-416,-528,-400,-512,-400,-528,-304,-512,-288,-512,-288,-528,-304,-512,-288,-528,-304,-528,-304,-480,-304,-512,-304,-528,-304,-480,-304,-528,-304,-560,-304,-480,-304,-560,-400,-560,-304,-480,-400,-560,-400,-528,-304,-480,-400,-528,-400,-512,-304,-480,-400,-512,-400,-480,-32,32,-32,48,-16,48,-32,32,-16,48,-16,32,80.001015,48,96,48,96,32,80.001015,48,96,32,80.001015,32,-16,32,-16,48,-16,80,-16,32,-16,80,80.001015,80,-16,32,80.001015,80,80.001015,48,-16,32,80.001015,48,80.001015,32,-16,32,80.001015,32,80.001015,0,-16,32,80.001015,0,-16,0,256,176,256,96,208,96,256,176,208,96,208,176,208,432,256,432,256,208,208,432,256,208,208,208,256,208,256,176,208,176,256,208,208,176,208,208,256,480,272,480,272,432,256,480,272,432,256,432,256,480,256,432,208,432,256,480,208,432,208,480,32,432,-144,432,-192,432,32,432,-192,432,-192,480,32,432,-192,480,32,480,208,432,80.001015,432,32,432,208,432,32,432,32,480,208,432,32,480,208,480,16,336,16,320,0,320,16,336,0,320,-80,320,16,336,-80,320,-96,320,16,336,-96,320,-96,336,16,240,0,240,0,320,16,240,0,320,16,320,-80,240,0,240,16,240,-80,240,16,240,16,224,-80,240,16,224,-96,224,-80,240,-96,224,-96,240,-80,240,-96,240,-96,272,-80,240,-96,272,-96,288,-80,240,-96,288,-96,320,-80,240,-96,320,-80,320,208,432,208,176,-144,176,208,432,-144,176,-144,432,80,400,80.001015,432,208,432,80,400,208,432,208,208,80,400,208,208,80,208,208,208,208,176,80.001015,176,208,208,80.001015,176,80,208,-144,272,-144,288,-96,288,-144,272,-96,288,-96,272,-192,432,-144,432,-144,288,-192,432,-144,288,-144,272,-192,432,-144,272,-144,208,-192,432,-144,208,-192,208,-144,208,-144,176,-192,176,-144,208,-192,176,-192,208,32,96,-192,96,-192,176,32,96,-192,176,-144,176,32,96,-144,176,32,176,208,96,32,96,32,176,208,96,32,176,80.001015,176,208,96,80.001015,176,208,176,-256,-32,-256,-48,-304,-48,-256,-32,-304,-48,-320,-48,-256,-32,-320,-48,-368,-48,-256,-32,-368,-48,-368,-32,80,-352,80,-320,112,-320,80,-352,112,-320,112,-544,80,-352,112,-544,80,-544,112,-544,112,-704,80,-704,112,-544,80,-704,80,-672,112,-544,80,-672,80,-592,112,-544,80,-592,80,-560,112,-544,80,-560,80,-544,80,-320,80,-352,-128,-352,80,-320,-128,-352,-128,-320,48,-464,32,-464,32,-432,48,-464,32,-432,32,-416,48,-464,32,-416,48,-416,-80,-464,32,-464,48,-464,-80,-464,48,-464,48,-480,-80,-464,48,-480,-80,-480,32,-432,-80,-432,-80,-416,32,-432,-80,-416,32,-416,-80,-432,-80,-464,-80,-480,-80,-432,-80,-480,-96,-480,-80,-432,-96,-480,-96,-464,-80,-432,-96,-464,-96,-432,-80,-432,-96,-432,-96,-416,-80,-432,-96,-416,-80,-416,-128,-464,-128,-432,-96,-432,-128,-464,-96,-432,-96,-464,48,-592,48,-560,80,-560,48,-592,80,-560,80,-592,32,-592,48,-592,48,-608,32,-592,48,-608,-80,-608,32,-592,-80,-608,-80,-592,32,-560,32,-544,48,-544,32,-560,48,-544,48,-560,32,-560,48,-560,48,-592,32,-560,48,-592,32,-592,32,-560,-80,-560,-80,-544,32,-560,-80,-544,32,-544,-96,-544,-80,-544,-80,-560,-96,-544,-80,-560,-80,-592,-96,-544,-80,-592,-80,-608,-96,-544,-80,-608,-96,-608,-160,-480,-160,-320,-128,-320,-160,-480,-128,-320,-128,-352,-160,-480,-128,-352,-128,-432,-160,-480,-128,-432,-128,-464,-160,-480,-128,-464,-128,-544,-160,-480,-128,-544,-160,-544,-128,-544,-128,-672,-160,-672,-128,-544,-160,-672,-160,-544,-128,-672,80,-672,80,-704,-128,-672,80,-704,64,-704,-128,-672,64,-704,-160,-704,-128,-672,-160,-704,-160,-672,-256,-256,-256,-240,-256,-48,-256,-256,-256,-48,-240,-48,-256,-256,-240,-48,-240,-272,-256,-256,-240,-272,-256,-272,-240,-272,-240,-416,-256,-416,-240,-272,-256,-416,-256,-272,-336,-288,-288,-288,-272,-288,-336,-288,-272,-288,-272,-304,-336,-288,-272,-304,-304,-304,-336,-288,-304,-304,-320,-304,-336,-288,-320,-304,-352,-304,-336,-288,-352,-304,-352,-288,-352,-176,-336,-176,-336,-288,-352,-176,-336,-288,-352,-288,-288,-176,-272,-176,-272,-288,-288,-176,-272,-288,-288,-288,-320,-160,-304,-160,-272,-160,-320,-160,-272,-160,-272,-176,-320,-160,-272,-176,-288,-176,-320,-160,-288,-176,-336,-176,-320,-160,-336,-176,-352,-176,-320,-160,-352,-176,-352,-160,-368,-48,-256,-48,-256,-416,-368,-48,-256,-416,-368,-416,-320,-48,-304,-48,-304,-160,-320,-48,-304,-160,-320,-160,-320,-416,-320,-304,-304,-304,-320,-416,-304,-304,-304,-416,-384,-48,-368,-48,-368,-192,-384,-48,-368,-192,-368,-272,-384,-48,-368,-272,-384,-272,-368,-272,-368,-416,-384,-416,-368,-272,-384,-416,-384,-272,-368,-432,-368,-416,-320,-416,-368,-432,-320,-416,-304,-416,-368,-432,-304,-416,-256,-416,-368,-432,-256,-416,-256,-432,416,160,432,160,432,0,416,160,432,0,416,0,432,160,512,160,512,128,432,160,512,128,512,112,432,160,512,112,512,48.00305,432,160,512,48.00305,512,32,432,160,512,32,512,0,432,160,512,0,432,0,320,432,416,432,320,336,416,432,416,336,320,336,416,208,320,208,320,240,416,208,320,240,416,240,416,176,320,176,320,208,416,176,320,208,416,208,416,160,320,160,320,176,416,160,320,176,416,176,416,304,320,304,320,336,416,304,320,336,416,336,416,272,320,272,320,304,416,272,320,304,416,304,416,240,320,240,320,272,416,240,320,272,416,272,320,160,416,160,416,0,320,160,416,0,320,0,272,432,288,432,288,336,272,432,288,336,272,336,256,432,272,432,272,336,256,432,272,336,256,336,208,480,256,480,256,464,208,480,256,464,208,464,192,464,208,464,256,464,192,464,256,464,256,448,192,464,256,448,256,432,192,464,256,432,256,336,192,464,256,336,256,320,192,464,256,320,256,288,192,464,256,288,240,288,192,464,240,288,192,288,272,352,256,352,256,416,272,352,256,416,272,416,288,432,320,432,320,336,288,432,320,336,288,336,192,480,192,464,64.001816,384.0012,192,480,64.001816,384.0012,64.001816,400.00195,32,384,-192,384,-192,400,32,384,-192,400,32,400,64.001816,400.00195,64.001816,384.0012,32,384,64.001816,400.00195,32,384,32,400,32,400,-192,400,-192,480,32,400,-192,480,-80,480,32,400,-80,480,16,480,32,400,16,480,32,480,192,480,64.001816,400.00195,32,400,192,480,32,400,32,480,-192,384,-192,480,-144,480,-192,384,-144,480,-128.00142,480,-192,384,-128.00142,480,-64.00568,480,-192,384,-64.00568,480,-47.996307,480,-192,384,-47.996307,480,-32.0029,480,-192,384,-32.0029,480,-32.0029,288,-192,384,-32.0029,288,-176,288,-192,384,-176,288,-192,288,-32.0029,480,192,480,192,464,-32.0029,480,192,464,192,288,-32.0029,480,192,288,-32.0029,288,304,96,304,160,320,160,304,96,320,160,320,0,304,96,320,0,304,0,304,96,288,82.66668,288,96,304,96,288,96,288,160,304,96,288,160,304,160,288,160,304,160,304,96,288,160,304,96,288,82.666626,-192,80,-120,80,-192,32,-96,176,-96,96,-120,80,-96,176,-120,80,-192,80,-96,176,-192,80,-192,176,208,32,227.2,32,208,16,208,32,208,16,160,16,208,32,160,16,160,32,80,80,-16,80,-16,96,80,80,-16,96,80,96,160,80,160,96,256,96,160,80,256,96,256,70.4,160,80,256,70.4,208,32,160,80,208,32,160,32,32,176,-96,176,-192,176,32,176,-192,176,-192,192,32,176,-192,192,32,192,80,192,80,176,32,176,80,192,32,176,32,192,32,176,80,176,96,176,32,176,96,176,96,96,32,176,96,96,80,96,32,176,80,96,-16,96,32,176,-16,96,-32,96,32,176,-32,96,-96,96,32,176,-96,96,-96,176,256,70.4,288,96,288,82.66668,256,70.4,288,82.66668,227.2,32,256,70.4,227.2,32,208,32,272,160,288,160,288,96,272,160,288,96,256,70.4,272,160,256,70.4,256,96,272,160,256,96,256,160,96,176,96,192,96,224,96,176,96,224,176,272,96,176,176,272,240,272,96,176,240,272,256,272,96,176,256,272,256,176,96,176,256,176,256,160,96,176,256,160,256,96,96,176,256,96,160,96,96,176,160,96,96,96,256,96,256,160,272,160,256,96,272,160,288,160,256,96,288,160,288,82.666626,256,96,288,82.666626,256,56,-192,112,-192,128,-192,224,-192,112,-192,224,-192,240,-192,112,-192,240,-192,272,-192,112,-192,272,-176,272,-192,112,-176,272,-32.0029,272,-192,112,-32.0029,272,-32.0029,208,-192,112,-32.0029,208,