{"map":"vgvoteq","version":1,"bounds":{"minX":-96,"maxX":736,"minY":-992,"maxY":-32},"locs":[{"name":"","z":-384,"tris":[552,-218,320,-122,288.57806,-108.997826,552,-218,288.57806,-108.997826,320,-96,552,-218,320,-96,569,-199,552,-218,569,-199,581.9933,-230.41103,320,-800,288.24725,-786.86536,320,-774,320,-800,320,-774,552,-680,320,-800,552,-680,540.3023,-708.8709,-32,-448,-19.002176,-416.57806,-6,-448,-32,-448,-6,-448,90,-680,-32,-448,90,-680,58.671513,-667.19617,90,-218,-6,-448,-19.002176,-416.57806,90,-218,-19.002176,-416.57806,71,-199,90,-218,71,-199,103.55046,-185.53535,90,-218,103.55046,-185.53535,288.57806,-108.997826,90,-218,288.57806,-108.997826,320,-122,288.24725,-786.86536,71,-697,58.671513,-667.19617,288.24725,-786.86536,58.671513,-667.19617,90,-680,288.24725,-786.86536,90,-680,320,-774,552,-680,646,-448,658.92163,-479.6167,552,-680,658.92163,-479.6167,569,-697,552,-680,569,-697,540.3023,-708.8709,646,-448,552,-218,581.9933,-230.41103,646,-448,581.9933,-230.41103,672,-448,646,-448,672,-448,658.92163,-479.6167,552,-218,320,-122,288.57806,-108.997826,552,-218,288.57806,-108.997826,320,-96,552,-218,320,-96,569,-199,552,-218,569,-199,581.9933,-230.41103,320,-800,288.24725,-786.86536,320,-774,320,-800,320,-774,552,-680,320,-800,552,-680,540.3023,-708.8709,-6,-448,90,-680,58.671513,-667.19617,-6,-448,58.671513,-667.19617,-32,-448,-6,-448,-32,-448,-19.002176,-416.57806,90,-218,-6,-448,-19.002176,-416.57806,90,-218,-19.002176,-416.57806,71,-199,90,-218,71,-199,103.55046,-185.53535,90,-218,103.55046,-185.53535,288.57806,-108.997826,90,-218,288.57806,-108.997826,320,-122,58.671513,-667.19617,90,-680,320,-774,58.671513,-667.19617,320,-774,288.24725,-786.86536,58.671513,-667.19617,288.24725,-786.86536,71,-697,552,-680,646,-448,658.92163,-479.6167,552,-680,658.92163,-479.6167,569,-697,552,-680,569,-697,540.3023,-708.8709,672,-448,658.92163,-479.6167,646,-448,672,-448,646,-448,552,-218,672,-448,552,-218,581.9933,-230.41103,23.217062,-391.33038,93,-221,224,-167.3304,23.217062,-391.33038,224,-167.3304,224,-352,23.217062,-391.33038,224,-352,224,-391.33038,68.55386,-615.3304,0,-448,23.217062,-391.33038,68.55386,-615.3304,23.217062,-391.33038,224,-391.33038,68.55386,-615.3304,224,-391.33038,224,-576,68.55386,-615.3304,224,-576,224,-615.3304,224,-728.6696,93,-675,68.55386,-615.3304,224,-728.6696,68.55386,-615.3304,224,-615.3304,224,-352,224,-167.3304,320,-128,224,-352,320,-128,448,-180.44052,224,-352,448,-180.44052,448,-352,224,-576,224,-391.33038,224,-352,224,-576,224,-352,448,-352,224,-576,448,-352,448,-404.44052,224,-576,448,-404.44052,448,-576,448,-628.44055,448,-715.55945,320,-768,448,-628.44055,320,-768,224,-728.6696,448,-628.44055,224,-728.6696,224,-615.3304,448,-628.44055,224,-615.3304,224,-576,448,-628.44055,224,-576,448,-576,547,-221,622.15405,-404.44052,448,-404.44052,547,-221,448,-404.44052,448,-352,547,-221,448,-352,448,-180.44052,622.15405,-404.44052,640,-448,566.075,-628.44055,622.15405,-404.44052,566.075,-628.44055,448,-628.44055,622.15405,-404.44052,448,-628.44055,448,-576,622.15405,-404.44052,448,-576,448,-404.44052,566.075,-628.44055,547,-675,448,-715.55945,566.075,-628.44055,448,-715.55945,448,-628.44055,283.57144,-382.69925,275,-403,256,-448,283.57144,-382.69925,256,-448,247.8187,-428.62323,283.57144,-382.69925,247.8187,-428.62323,263,-391,254.69925,-484.42856,275,-493,320,-512,254.69925,-484.42856,320,-512,300.62323,-520.1813,254.69925,-484.42856,300.62323,-520.1813,263,-505,365,-493,384,-448,392.1813,-467.37677,365,-493,392.1813,-467.37677,377,-505,365,-493,377,-505,356.42856,-513.3008,384,-448,365,-403,385.30075,-411.57144,384,-448,385.30075,-411.57144,400,-448,384,-448,400,-448,392.1813,-467.37677,377,-391,385.30075,-411.57144,365,-403,377,-391,365,-403,320,-384,377,-391,320,-384,300.62323,-375.8187,377,-391,300.62323,-375.8187,320,-368,275,-403,320,-384,365,-403,275,-403,365,-403,384,-448,275,-403,384,-448,365,-493,275,-403,365,-493,320,-512,275,-403,320,-512,275,-493,275,-403,275,-493,256,-448,320,-512,365,-493,356.42856,-513.3008,320,-512,356.42856,-513.3008,320,-528,320,-512,320,-528,300.62323,-520.1813,254.69925,-484.42856,240,-448,247.8187,-428.62323,254.69925,-484.42856,247.8187,-428.62323,256,-448,254.69925,-484.42856,256,-448,275,-493,300.62323,-375.8187,320,-384,275,-403,300.62323,-375.8187,275,-403,283.57144,-382.69925,275,-493,256,-448,275,-403,275,-493,275,-403,320,-384,275,-493,320,-384,365,-403,275,-493,365,-403,384,-448,275,-493,384,-448,365,-493,275,-493,365,-493,320,-512,283.57144,-382.69925,275,-403,256,-448,283.57144,-382.69925,256,-448,247.8187,-428.62323,283.57144,-382.69925,247.8187,-428.62323,263,-391,254.69925,-484.42856,275,-493,320,-512,254.69925,-484.42856,320,-512,300.62323,-520.1813,254.69925,-484.42856,300.62323,-520.1813,263,-505,365,-493,384,-448,392.1813,-467.37677,365,-493,392.1813,-467.37677,377,-505,365,-493,377,-505,356.42856,-513.3008,384,-448,365,-403,385.30075,-411.57144,384,-448,385.30075,-411.57144,400,-448,384,-448,400,-448,392.1813,-467.37677,377,-391,385.30075,-411.57144,365,-403,377,-391,365,-403,320,-384,377,-391,320,-384,300.62323,-375.8187,377,-391,300.62323,-375.8187,320,-368,320,-512,365,-493,356.42856,-513.3008,320,-512,356.42856,-513.3008,320,-528,320,-512,320,-528,300.62323,-520.1813,254.69925,-484.42856,240,-448,247.8187,-428.62323,254.69925,-484.42856,247.8187,-428.62323,256,-448,254.69925,-484.42856,256,-448,275,-493,300.62323,-375.8187,320,-384,275,-403,300.62323,-375.8187,275,-403,283.57144,-382.69925,23.217062,-391.33038,93,-221,224,-167.3304,23.217062,-391.33038,224,-167.3304,224,-352,23.217062,-391.33038,224,-352,224,-391.33038,68.55386,-615.3304,0,-448,23.217062,-391.33038,68.55386,-615.3304,23.217062,-391.33038,224,-391.33038,68.55386,-615.3304,224,-391.33038,224,-576,68.55386,-615.3304,224,-576,224,-615.3304,224,-728.6696,93,-675,68.55386,-615.3304,224,-728.6696,68.55386,-615.3304,224,-615.3304,224,-352,224,-167.3304,320,-128,224,-352,320,-128,448,-180.44052,224,-352,448,-180.44052,448,-352,224,-576,224,-391.33038,224,-352,224,-576,224,-352,448,-352,224,-576,448,-352,448,-404.44052,224,-576,448,-404.44052,448,-576,448,-628.44055,448,-715.55945,320,-768,448,-628.44055,320,-768,224,-728.6696,448,-628.44055,224,-728.6696,224,-615.3304,448,-628.44055,224,-615.3304,224,-576,448,-628.44055,224,-576,448,-576,547,-221,622.15405,-404.44052,448,-404.44052,547,-221,448,-404.44052,448,-352,547,-221,448,-352,448,-180.44052,622.15405,-404.44052,640,-448,566.075,-628.44055,622.15405,-404.44052,566.075,-628.44055,448,-628.44055,622.15405,-404.44052,448,-628.44055,448,-576,622.15405,-404.44052,448,-576,448,-404.44052,566.075,-628.44055,547,-675,448,-715.55945,566.075,-628.44055,448,-715.55945,448,-628.44055,275,-493,256,-448,275,-403,275,-493,275,-403,320,-384,275,-493,320,-384,365,-403,275,-493,365,-403,384,-448,275,-493,384,-448,365,-493,275,-493,365,-493,320,-512,275,-403,320,-384,365,-403,275,-403,365,-403,384,-448,275,-403,384,-448,365,-493,275,-403,365,-493,320,-512,275,-403,320,-512,275,-493,275,-403,275,-493,256,-448,-96,-256,-96,-96,-96,-32,-96,-256,-96,-32,128,-32,-96,-256,128,-32,128,-256,-96,-480,-96,-320,-96,-256,-96,-480,-96,-256,128,-256,-96,-480,128,-256,128,-480,-96,-704,-96,-544,-96,-480,-96,-704,-96,-480,128,-480,-96,-704,128,-480,128,-704,-96,-928,-96,-768,-96,-704,-96,-928,-96,-704,128,-704,-96,-928,128,-704,128,-928,128,-992,-96,-992,-96,-928,128,-992,-96,-928,128,-928,128,-256,128,-32,352,-32,128,-256,352,-32,352,-256,128,-480,128,-256,352,-256,128,-480,352,-256,352,-480,128,-704,128,-480,352,-480,128,-704,352,-480,352,-704,128,-928,128,-704,352,-704,128,-928,352,-704,352,-928,352,-992,128,-992,128,-928,352,-992,128,-928,352,-928,352,-256,352,-32,576,-32,352,-256,576,-32,576,-256,352,-480,352,-256,576,-256,352,-480,576,-256,576,-480,352,-704,352,-480,576,-480,352,-704,576,-480,576,-704,352,-928,352,-704,576,-704,352,-928,576,-704,576,-928,576,-992,352,-992,352,-928,576,-992,352,-928,576,-928,736,-32,736,-96,736,-256,736,-32,736,-256,576,-256,736,-32,576,-256,