{"map":"vrdm1","version":1,"bounds":{"minX":-1024,"maxX":1024,"minY":-1280,"maxY":1024},"locs":[{"name":"","z":0,"tris":[1024,672,1024,640,896,640,1024,672,896,640,896,672,1024,896,1024,672,896,672,1024,896,896,672,896,896,1024,512,1024,384,896,384,1024,512,896,384,896,512,1024,-128,1008,-128,1008,32,1024,-128,1008,32,1024,32,1008,32,1008,256,1024,256,1008,32,1024,256,1024,32,1024,384,1024,256,896,256,1024,384,896,256,896,384,1008,-192,1008,-256,896,-256,1008,-192,896,-256,896,-192,1008,32,1008,-192,896,-192,1008,32,896,-192,896,32,896,256,1008,256,1008,32,896,256,1008,32,896,32,896,800,896,640,736,640,896,800,736,640,736,800,896,1024,896,800,736,800,896,1024,736,800,736,1024,736,640,512,640,512,800,736,640,512,800,736,800,512,800,512,1024,736,1024,512,800,736,1024,736,800,896,-384,896,-512,768,-512,896,-384,768,-512,768,-384,896,-160,896,-384,768,-384,896,-160,768,-384,768,-160,896,64,896,-160,768,-160,896,64,768,-160,768,64,896,288,896,64,768,64,896,288,768,64,768,288,768,512,896,512,896,288,768,512,896,288,768,288,768,512,768,384,608,384,768,512,608,384,608,512,608,384,384,384,384,512,608,384,384,512,608,512,384,576,384,384,224,384,384,576,224,384,224,576,384,800,384,576,224,576,384,800,224,576,224,800,384,1024,384,800,224,800,384,1024,224,800,224,1024,224,384,0,384,0,576,224,384,0,576,224,576,0,576,0,800,224,800,0,576,224,800,224,576,0,800,0,1024,224,1024,0,800,224,1024,224,800,255.42856,384,255.42856,256,96,256,255.42856,384,96,256,96,384,96,256,-128,256,-128,384,96,256,-128,384,96,384,-128,896,-128,1024,0,1024,-128,896,0,1024,0,896,-128,800,-128,640,-256,640,-128,800,-256,640,-256,800,-256,1024,-128,1024,-128,800,-256,1024,-128,800,-256,800,0,416,0,384,-32,384,0,416,-32,384,-32,416,0,640,0,416,-32,416,0,640,-32,416,-32,640,-32,384,-256,384,-256,416,-32,384,-256,416,-32,416,-256,416,-256,640,-32,640,-256,416,-32,640,-32,416,-256,576,-256,384,-384,384,-256,576,-384,384,-384,576,-256,800,-256,576,-384,576,-256,800,-384,576,-384,800,-384,1024,-256,1024,-256,800,-384,1024,-256,800,-384,800,-384,800,-384,768,-448,768,-384,800,-448,768,-448,800,-384,1024,-384,800,-448,800,-384,1024,-448,800,-448,1024,-448,768,-672,768,-672,800,-448,768,-672,800,-448,800,-672,800,-672,1024,-448,1024,-672,800,-448,1024,-448,800,-672,768,-896,768,-896,800,-672,768,-896,800,-672,800,-896,800,-896,1024,-672,1024,-896,800,-672,1024,-672,800,-384,512,-384,384,-448,384,-384,512,-448,384,-448,512,-448,384,-672,384,-672,512,-448,384,-672,512,-448,512,-672,384,-896,384,-896,512,-672,384,-896,512,-672,512,-896,544,-896,384,-1024,384,-896,544,-1024,384,-1024,544,-1024,768,-896,768,-896,544,-1024,768,-896,544,-1024,544,-896,896,-1024,896,-1024,1024,-896,896,-1024,1024,-896,1024,-256,256,-384,256,-384,384,-256,256,-384,384,-256,384,-128,-96,-128,-128,-288,-128,-128,-96,-288,-128,-288,-96,-128,128,-128,-96,-288,-96,-128,128,-288,-96,-288,128,-288,-128,-512,-128,-512,-96,-288,-128,-512,-96,-288,-96,-512,-96,-512,128,-288,128,-512,-96,-288,128,-288,-96,-512,-64.85715,-512,-128,-640,-128,-512,-64.85715,-640,-128,-640,-64.85715,-512,159.14285,-512,-64.85715,-640,-64.85715,-512,159.14285,-640,-64.85715,-640,159.14285,-640,383.14285,-512,383.14285,-512,159.14285,-640,383.14285,-512,159.14285,-640,159.14285,-512,384,-512,383.14285,-544,383.14285,-512,384,-544,383.14285,-544,384,-544,383.14285,-768,383.14285,-768,384,-544,383.14285,-768,384,-544,384,-768,-64,-768,-128,-800,-128,-768,-64,-800,-128,-800,-64,-768,160,-768,-64,-800,-64,-768,160,-800,-64,-800,160,-800,384,-768,384,-768,160,-800,384,-768,160,-800,160,-800,-64,-800,-128,-1024,-128,-800,-64,-1024,-128,-1024,-64,-800,160,-800,-64,-1024,-64,-800,160,-1024,-64,-1024,160,-1024,384,-800,384,-800,160,-1024,384,-800,160,-1024,160,1024,-128,1024,-256,1008,-256,1024,-128,1008,-256,1008,-128,1024,-704,1024,-896,896,-896,1024,-704,896,-896,896,-704,1024,-480,1024,-704,896,-704,1024,-480,896,-704,896,-480,896,-256,1024,-256,1024,-480,896,-256,1024,-480,896,-480,896,-736,896,-768,832,-768,896,-736,832,-768,832,-736,896,-512,896,-736,832,-736,896,-512,832,-736,832,-512,832,-768,608,-768,608,-736,832,-768,608,-736,832,-736,608,-736,608,-512,832,-512,608,-736,832,-512,832,-736,608,-768,384,-768,384,-736,608,-768,384,-736,608,-736,384,-736,384,-512,608,-512,384,-736,608,-512,608,-736,896,-992,896,-1024,800,-1024,896,-992,800,-1024,800,-992,896,-768,896,-992,800,-992,896,-768,800,-992,800,-768,800,-1024,576,-1024,576,-992,800,-1024,576,-992,800,-992,576,-992,576,-768,800,-768,576,-992,800,-768,800,-992,576,-1024,352,-1024,352,-992,576,-1024,352,-992,576,-992,352,-992,352,-768,576,-768,352,-992,576,-768,576,-992,352,-1024,128,-1024,128,-992,352,-1024,128,-992,352,-992,128,-992,128,-768,352,-768,128,-992,352,-768,352,-992,128,-1024,-96,-1024,-96,-992,128,-1024,-96,-992,128,-992,-96,-992,-96,-768,128,-768,-96,-992,128,-768,128,-992,-96,-1024,-320,-1024,-320,-992,-96,-1024,-320,-992,-96,-992,-320,-992,-320,-768,-96,-768,-320,-992,-96,-768,-96,-992,-320,-1024,-544,-1024,-544,-992,-320,-1024,-544,-992,-320,-992,-544,-992,-544,-768,-320,-768,-544,-992,-320,-768,-320,-992,-544,-1024,-768,-1024,-768,-992,-544,-1024,-768,-992,-544,-992,-768,-992,-768,-768,-544,-768,-768,-992,-544,-768,-544,-992,1024,-1024,896,-1024,896,-896,1024,-1024,896,-896,1024,-896,128,-256,255.42857,-256,255.42856,-384,128,-256,255.42856,-384,128,-384,224,-384,255.42856,-384,255.42856,-512,224,-384,255.42856,-512,224,-512,0,-512,0,-384,224,-384,0,-512,224,-384,224,-512,224,-512,384,-512,384,-640,224,-512,384,-640,224,-640,0,-640,0,-512,224,-512,0,-640,224,-512,224,-640,224,-640,256,-640,256,-768,224,-640,256,-768,224,-768,0,-768,0,-640,224,-640,0,-768,224,-640,224,-768,-128,-128,-128,-256,-352,-256,-128,-128,-352,-256,-352,-128,-352,-256,-576,-256,-576,-128,-352,-256,-576,-128,-352,-128,-576,-256,-800,-256,-800,-128,-576,-256,-800,-128,-576,-128,-800,-256,-1024,-256,-1024,-128,-800,-256,-1024,-128,-800,-128,0,-608,0,-640,-96,-640,0,-608,-96,-640,-96,-608,-96,-384,0,-384,0,-608,-96,-384,0,-608,-96,-608,-96,-608,-96,-640,-320,-640,-96,-608,-320,-640,-320,-608,-320,-384,-96,-384,-96,-608,-320,-384,-96,-608,-320,-608,-320,-608,-320,-640,-544,-640,-320,-608,-544,-640,-544,-608,-544,-384,-320,-384,-320,-608,-544,-384,-320,-608,-544,-608,-768,-640,-768,-608,-544,-608,-768,-640,-544,-608,-544,-640,-768,-608,-768,-384,-544,-384,-768,-608,-544,-384,-544,-608,-128,-640,-128,-768,-160,-768,-128,-640,-160,-768,-160,-640,-160,-768,-384,-768,-384,-640,-160,-768,-384,-640,-160,-640,-384,-256,-384,-384,-560,-384,-384,-256,-560,-384,-560,-256,-560,-384,-784,-384,-784,-256,-560,-384,-784,-256,-560,-256,-784,-384,-1008,-384,-1008,-256,-784,-384,-1008,-256,-784,-256,-1024,-384,-1024,-256,-1008,-256,-1024,-384,-1008,-256,-1008,-384,-768,-832,-768,-896,-800,-896,-768,-832,-800,-896,-800,-832,-768,-608,-768,-832,-800,-832,-768,-608,-800,-832,-800,-608,-800,-384,-768,-384,-768,-608,-800,-384,-768,-608,-800,-608,-800,-832,-800,-896,-1024,-896,-800,-832,-1024,-896,-1024,-832,-800,-608,-800,-832,-1024,-832,-800,-608,-1024,-832,-1024,-608,-1024,-384,-800,-384,-800,-608,-1024,-384,-800,-608,-1024,-608,-768,-1024,-896,-1024,-896,-896,-768,-1024,-896,-896,-768,-896,1024,896,1024,768,896,768,1024,896,896,768,896,896,1024,768,1024,640,800,640,1024,768,800,640,800,768,800,640,576,640,576,768,800,640,576,768,800,768,576,640,352,640,352,768,576,640,352,768,576,768,352,640,128,640,128,768,352,640,128,768,352,768,1024,640,1024,512,896,512,1024,640,896,512,896,640,512,768,384,768,384,896,512,768,384,896,512,896,128,640,0,640,0,768,128,640,0,768,128,768,-256,0,-384,0,-384,128,-256,0,-384,128,-256,128,-384,0,-512,0,-512,128,-384,0,-512,128,-384,128,-128,0,-256,0,-256,128,-128,0,-256,128,-128,128,-512,128,-512,0,-672,0,-512,128,-672,0,-672,128,-672,0,-896,0,-896,128,-672,0,-896,128,-672,128,-896,-544,-896,-768,-1024,-768,-896,-544,-1024,-768,-1024,-544,-896,-320,-896,-544,-1024,-544,-896,-320,-1024,-544,-1024,-320,-896,-96,-896,-320,-1024,-320,-896,-96,-1024,-320,-1024,-96,-1024,128,-896,128,-896,-96,-1024,128,-896,-96,-1024,