{"map":"xphogtooth","version":1,"bounds":{"minX":-768,"maxX":432,"minY":-432,"maxY":560},"locs":[{"name":"","z":64,"tris":[0,224,-160,224,-224,224,0,224,-224,224,-224,256,0,224,-224,256,-224,320,0,224,-224,320,-96,320,0,224,-96,320,-32,320,0,224,-32,320,0,320,192,320,192,288,192,224,192,320,192,224,96,224,192,320,96,224,32,224,192,320,32,224,0,224,192,320,0,224,0,320,192,32,192,-192,160,-192,192,32,160,-192,96,-192,192,32,96,-192,96,-96,192,32,96,-96,96,-32,192,32,96,-32,96,32,96,160,96,224,192,224,96,160,192,224,192,64,96,160,192,64,192,32,96,160,192,32,96,32,64,-32,64,160,96,160,64,-32,96,160,96,32,64,-32,96,32,96,-32,32,192,-160,192,-160,224,32,192,-160,224,0,224,32,192,0,224,32,224,0,-192,-64,-192,-96,-192,0,-192,-96,-192,-224,-192,0,-192,-224,-192,-224,-96,0,-192,-224,-96,-160,-96,0,-192,-160,-96,0,-96,32,-96,96,-96,96,-192,32,-96,96,-192,0,-192,32,-96,0,-192,0,-96,32,-96,0,-96,-160,-96,32,-96,-160,-96,-160,-64,32,-96,-160,-64,32,-64,-224,32,-224,160,-192,160,-224,32,-192,160,-192,-32,-224,32,-192,-32,-224,-32,-224,32,-224,-32,-224,-96,-224,32,-224,-96,-224,-192,-224,32,-224,-192,-320,-192,-224,32,-320,-192,-320,32,-224,256,-224,224,-224,160,-224,256,-224,160,-224,32,-224,256,-224,32,-320,32,-224,256,-320,32,-320,64,-224,256,-320,64,-320,256,-320,288,-320,320,-224,320,-320,288,-224,320,-224,256,-320,288,-224,256,-320,256,-24,88,-40,88,-40,104,-24,88,-40,104,-24,104,-104,88,-104,104,-88,104,-104,88,-88,104,-88,88,-88,24,-104,24,-104,40,-88,24,-104,40,-88,40,-40,24,-40,40,-24,40,-40,24,-24,40,-24,24,64,112,64,16,-16,-64,64,112,-16,-64,-112,-64,64,112,-112,-64,-192,16,64,112,-192,16,-192,112,64,112,-192,112,-112,192,64,112,-112,192,-16,192,-160,7.333333,-132.79994,23.200033,-104,40,-160,7.333333,-104,40,-104,24,-160,7.333333,-104,24,-200,-72,-160,7.333333,-200,-72,-200,-16,-104,104,-104,88,-132.79996,104.79997,-104,104,-132.79996,104.79997,-160,120.666664,-104,104,-160,120.666664,-200,144,-104,104,-200,144,-200,200,72,200,-24,104,-40,104,72,200,-40,104,-23.199997,132.8,72,200,-23.199997,132.8,-7.333307,160,72,200,-7.333307,160,16,200,-200,200,-144,200,-88,104,-200,200,-88,104,-104,104,72,200,72,144,-24,88,72,200,-24,88,-24,104,72,-16,72,-72,-24,24,72,-16,-24,24,-24,40,-104,24,-88,24,-144,-72,-104,24,-144,-72,-200,-72,-7.333344,-32,-23.200012,-4.799978,-40,24,-7.333344,-32,-40,24,-24,24,-7.333344,-32,-24,24,72,-72,-7.333344,-32,72,-72,16,-72,384,560,432,512,384,464,384,560,384,464,336,512,192,512,336,512,384,464,192,512,384,464,384,320,192,512,384,320,240,320,192,512,240,320,192,368,144,320,192,272,192,224,144,320,192,224,144,224,144,320,144,224,96,224,144,320,96,224,96,320,192,272,144,320,192,368,192,272,192,368,240,320,192,192,192,64,192,-32,192,192,192,-32,144,-32,192,192,144,-32,144,160,192,192,144,160,144,192,144,224,192,224,192,192,144,224,192,192,144,192,0,224,-160,224,-224,224,0,224,-224,224,-224,320,0,224,-224,320,-64,320,0,224,-64,320,0,320,96,320,96,224,32,224,96,320,32,224,0,224,96,320,0,224,0,320,96,224,144,224,144,192,96,224,144,192,144,160,96,224,144,160,96,160,96,-32,64,-32,32,-32,96,-32,32,-32,32,160,96,-32,32,160,64,160,96,-32,64,160,96,160,96,-32,96,160,144,160,96,-32,144,160,144,-32,-160,192,-160,224,0,224,-160,192,0,224,32,224,-160,192,32,224,32,192,-160,192,32,192,32,160,-160,192,32,160,-160,160,32,-32,-160,-32,-160,160,32,-32,-160,160,32,160,192,-240,240,-192,384,-192,192,-240,384,-192,384,-336,192,-240,384,-336,336,-384,192,-240,336,-384,192,-384,144,-32,192,-32,192,-96,144,-32,192,-96,96,-96,144,-32,96,-96,96,-32,192,-96,192,-144,144,-192,192,-96,144,-192,96,-192,192,-96,96,-192,96,-96,144,-192,192,-144,240,-192,144,-192,240,-192,192,-240,384,-336,432,-384,384,-432,384,-336,384,-432,336,-384,0,-192,-64,-192,-224,-192,0,-192,-224,-192,-224,-96,0,-192,-224,-96,-160,-96,0,-192,-160,-96,0,-96,32,-96,96,-96,96,-192,32,-96,96,-192,0,-192,32,-96,0,-192,0,-96,-160,-64,-160,-32,32,-32,-160,-64,32,-32,32,-64,-160,-64,32,-64,32,-96,-160,-64,32,-96,0,-96,-160,-64,0,-96,-160,-96,-368,320,-320,368,-272,320,-368,320,-272,320,-320,272,-320,512,-320,368,-368,320,-320,512,-368,320,-512,320,-320,512,-512,320,-512,464,-320,512,-512,464,-464,512,-224,128,-224,160,-192,160,-224,128,-192,160,-160,160,-224,128,-160,160,-160,-32,-224,128,-160,-32,-192,-32,-224,128,-192,-32,-224,-32,-224,128,-224,-32,-224,-96,-224,128,-224,-96,-320,-96,-224,128,-320,-96,-320,64,-224,128,-320,64,-320,128,-320,224,-272,224,-224,224,-320,224,-224,224,-224,160,-320,224,-224,160,-224,128,-320,224,-224,128,-320,128,-272,224,-272,320,-224,320,-272,224,-224,320,-224,224,-272,224,-320,224,-320,272,-272,224,-320,272,-272,320,-560,512,-512,560,-464,512,-560,512,-464,512,-512,464,-368,-192,-320,-144,-272,-192,-368,-192,-272,-192,-320,-240,-320,-144,-320,-96,-224,-96,-320,-144,-224,-96,-224,-192,-320,-144,-224,-192,-272,-192,-368,-192,-320,-240,-320,-384,-368,-192,-320,-384,-464,-384,-368,-192,-464,-384,-512,-336,-368,-192,-512,-336,-512,-192,-464,-384,-512,-432,-560,-384,-464,-384,-560,-384,-512,-336,-768,0,-768,64,-704,64,-768,0,-704,64,-704,0,-768,128,-768,192,-704,192,-768,128,-704,192,-704,128,-768,-256,-768,-192,-704,-192,-768,-256,-704,-192,-704,-256,-768,-128,-768,-64,-704,-64,-768,-128,-704,-64,-704,-128]}]}