{"map":"zediit2t1","version":1,"bounds":{"minX":-512,"maxX":672,"minY":-512,"maxY":512},"locs":[{"name":"","z":264,"tris":[-32,-256,-32,-480,-64,-480,-32,-256,-64,-480,-224,-480,-32,-256,-224,-480,-288,-480,-32,-256,-288,-480,-480,-480,-32,-256,-480,-480,-480,-416,-32,-256,-480,-416,-480,-256,0,-512,-8,-512,-8,-480,0,-512,-8,-480,0,-480,-288,-512,-512,-512,-512,-480,-288,-512,-512,-480,-480,-480,-288,-512,-480,-480,-288,-480,-64,-512,-288,-512,-288,-480,-64,-512,-288,-480,-224,-480,-64,-512,-224,-480,-64,-480,-32,-480,-8,-480,-8,-512,-32,-480,-8,-512,-64,-512,-32,-480,-64,-512,-64,-480,-32,-256,-8,-256,0,-256,-32,-256,0,-256,0,-480,-32,-256,0,-480,-8,-480,-32,-256,-8,-480,-32,-480,-512,384,-512,480,-480,480,-512,384,-480,480,-480,416,-512,384,-480,416,-480,256,-512,384,-480,256,-512,256,-480,256,-480,192,-480,32,-480,256,-480,32,-512,32,-480,256,-512,32,-512,160,-480,256,-512,160,-512,256,-480,32,-480,-32,-480,-192,-480,32,-480,-192,-512,-192,-480,32,-512,-192,-512,-64,-480,32,-512,-64,-512,32,-480,-192,-480,-256,-480,-416,-480,-192,-480,-416,-512,-416,-480,-192,-512,-416,-512,-288,-480,-192,-512,-288,-512,-192,-480,-416,-480,-480,-512,-480,-480,-416,-512,-480,-512,-416,-288,480,-256,480,-64,480,-288,480,-64,480,-32,480,-288,480,-32,480,88,480,-288,480,88,480,88,-196,-288,480,88,-196,88,-226.61223,-288,480,88,-226.61223,-8,-256,-288,480,-8,-256,-32,-256,-288,480,-32,-256,-480,-256,-288,480,-480,-256,-480,-192,-288,480,-480,-192,-480,-32,-288,480,-480,-32,-480,32,-288,480,-480,32,-480,192,-288,480,-480,192,-480,256,-288,480,-480,256,-480,416,-288,480,-480,416,-480,480,188,-256,188,-424,188,-480,188,-256,188,-480,0,-480,188,-256,0,-480,0,-256,188,-480,83.46655,-512,0,-512,188,-480,0,-512,0,-480,188,-196,88,-226.61223,88,-196,88,-226.61223,188,-196,188,-200,88,-226.61223,188,-200,188,-256,88,-226.61223,188,-256,0,-256,88,-226.61223,0,-256,-8,-256,352,-196,352,-200,188,-200,352,-196,188,-200,188,-196,188,-256,188,-200,352,-200,188,-256,352,-200,384,-200,188,-256,384,-200,384,-256,188,-256,384,-256,384,-424,188,-256,384,-424,188,-424,384,-424,384,-480,307.46655,-480,384,-424,307.46655,-480,188,-480,384,-424,188,-480,188,-424,307.46655,-512,160,-512,83.46655,-512,307.46655,-512,83.46655,-512,188,-480,307.46655,-512,188,-480,307.46655,-480,384,-480,480,-480,512,-480,384,-480,512,-480,512,-512,384,-480,512,-512,384,-512,384,-480,384,-512,307.46655,-512,384,-480,307.46655,-512,307.46655,-480,424,0,440,0,480,0,424,0,480,0,480,-32,424,0,480,-32,480,-192,424,0,480,-192,480,-256,424,0,480,-256,480,-416,424,0,480,-416,480,-480,424,0,480,-480,384,-480,424,0,384,-480,384,-424,424,0,384,-424,384,-256,424,0,384,-256,384,-200,424,0,384,-200,384,-160,424,0,384,-160,384,-32,424,0,384,-32,384,0,352,28,352,60,352,64,352,28,352,64,384,64,352,28,384,64,384,0,352,28,384,0,384,-32,352,28,384,-32,384,-160,352,28,384,-160,352,-160,384,-160,384,-200,352,-200,384,-160,352,-200,352,-196,384,-160,352,-196,352,-160,88,480,160,480,312,480,88,480,312,480,352,480,88,480,352,480,352,352,88,480,352,352,352,284,88,480,352,284,352,128,88,480,352,128,352,64,88,480,352,64,352,60,88,480,352,60,352,28,88,480,352,28,352,-160,88,480,352,-160,352,-196,88,480,352,-196,188,-196,88,480,188,-196,88,-196,384,64,424,64,424,0,384,64,424,0,384,0,440,0,424,0,424,64,440,0,424,64,440,64,440,64,480,64,480,32,440,64,480,32,480,0,440,64,480,0,440,0,512,32,480,32,480,64,512,32,480,64,512,64,480,-32,480,0,480,32,480,-32,480,32,512,32,480,-32,512,32,512,-64,480,-32,512,-64,512,-192,480,-32,512,-192,480,-192,512,-192,512,-288,512,-416,512,-192,512,-416,480,-416,512,-192,480,-416,480,-256,512,-192,480,-256,480,-192,512,-416,512,-480,480,-480,512,-416,480,-480,480,-416,480,352,512,352,512,160,480,352,512,160,512,128,480,352,512,128,352,128,480,352,352,128,352,284,480,352,352,284,352,352,512,128,512,64,480,64,512,128,480,64,440,64,512,128,440,64,424,64,512,128,424,64,384,64,512,128,384,64,352,64,512,128,352,64,352,128,384,480,480,480,480,352,384,480,480,352,352,352,384,480,352,352,352,480,480,480,480,512,512,512,480,480,512,512,512,384,480,480,512,384,512,352,480,480,512,352,480,352,-288,480,-480,480,-512,480,-288,480,-512,480,-512,512,-288,480,-512,512,-288,512,-64,480,-256,480,-288,480,-64,480,-288,480,-288,512,-64,480,-288,512,-64,512,160,480,88,480,-32,480,160,480,-32,480,-64,480,160,480,-64,480,-64,512,160,480,-64,512,160,512,384,480,352,480,312,480,384,480,312,480,160,480,384,480,160,480,160,512,384,480,160,512,384,512,480,512,480,480,384,480,480,512,384,480,384,512,512,-192,512,-10.6666565,672,-224,512,-192,672,-224,672,-234.66666,512,-192,672,-234.66666,512,-234.66666,672,-234.66666,672,-256,672,-458.66666,672,-234.66666,672,-458.66666,512,-458.66666,672,-234.66666,512,-458.66666,512,-416,672,-234.66666,512,-416,512,-234.66666,672,-458.66666,672,-480,512,-480,672,-458.66666,512,-480,512,-458.66666,480,0,480,32,504,0,480,0,504,0,512,-10.6666565,480,0,512,-10.6666565,512,-192,480,0,512,-192,480,-192,512,-192,512,-234.66666,512,-416,512,-192,512,-416,480,-416,512,-192,480,-416,480,-224,512,-192,480,-224,480,-192,-32,-256,-32,-448,-32,-480,-32,-256,-32,-480,-224,-480,-32,-256,-224,-480,-256,-480,-32,-256,-256,-480,-480,-480,-32,-256,-480,-480,-480,-256,-32,-480,-32,-448,-8,-448,-32,-480,-8,-448,-4,-448,-32,-480,-4,-448,88,-448,-32,-480,88,-448,88,-480,-32,-448,-32,-256,-8,-256,-32,-448,-8,-256,-8,-288,-32,-448,-8,-288,-8,-448,-8,-448,-8,-288,-4,-287,-8,-448,-4,-287,-4,-448,-4,-283,-4,-282,9.714373,-277.85712,12,-281,88,-258.11365,88,-448,12,-281,88,-448,-4,-448,12,-281,-4,-448,-4,-287,-8,-256,-32,-256,-480,-256,-8,-256,-480,-256,-480,-32,-8,-256,-480,-32,-480,192,-8,-256,-480,192,-480,416,-8,-256,-480,416,-480,480,-8,-256,-480,480,-256,480,-8,-256,-256,480,-32,480,-8,-256,-32,480,12,480,-8,-256,12,480,12,-249,-8,-256,12,-249,-4,-255,188,-200,12,-253.16667,9.714291,-253.85715,188,-200,9.714291,-253.85715,12,-253,188,-228,192,-228,208,-228,188,-228,208,-228,352,-228,188,-228,352,-228,352,-416,188,-228,352,-416,352,-480,188,-228,352,-480,192,-480,188,-228,192,-480,88,-480,188,-228,88,-480,88,-448,188,-228,88,-448,88,-258.11365,352,-228,380,-228,384,-228,352,-228,384,-228,384,-416,352,-228,384,-416,352,-416,384,-200,384,0,424,0,384,-200,424,0,440,0,384,-200,440,0,480,0,384,-200,480,0,480,-192,384,-200,480,-192,480,-224,384,-200,480,-224,384,-224,480,-224,480,-416,480,-448,480,-224,480,-448,384,-448,480,-224,384,-448,384,-416,480,-224,384,-416,384,-228,480,-224,384,-228,384,-224,480,-448,480,-480,384,-480,480,-448,384,-480,384,-448,88,480,188,480,188,-196,88,480,188,-196,12,-249,88,480,12,-249,12,480,188,480,192,480,312,480,188,480,312,480,352,480,188,480,352,480,352,352,188,480,352,352,352,320,188,480,352,320,352,284,188,480,352,284,352,252,188,480,352,252,352,60,188,480,352,60,352,40,188,480,352,40,352,28,188,480,352,28,352,-184,188,480,352,-184,352,-196,188,480,352,-196,208,-196,188,480,208,-196,192,-196,188,480,192,-196,188,-196,384,0,384,24,384,60,384,0,384,60,384,64,384,0,384,64,424,64,384,0,424,64,424,0,480,64,480,32,480,0,480,64,480,0,440,0,480,64,440,0,440,64,480,480,480,352,352,352,480,480,352,352,352,480,0,-253.5,12,-249,12,-249.87755,0,-253.5,12,-249.87755,0,-253.55101,12,-249,12,-249.87755,0,-253.55106,12,-249,0,-253.55106,-0.740643,-253.77774,188,-224,188,-200,192,-200,188,-224,192,-200,192,-224,384,-448,384,-480,352,-480,384,-448,352,-480,352,-448,384,-448,352,-448,352,-416,384,-448,352,-416,384,-416,16,-432,16,-416,28,-416,16,-432,28,-416,28,-432,88,-262,88,-290.61224,80,-293.06122,88,-262,80,-293.06122,80,-288,88,-262,80,-288,80,-260.52274,88,-262,80,-260.52274,88,-258.11365,12,-281,30.48454,-275.43362,2.3157976,-284.6316,0,-280.79166,9.714373,-277.85712,0,-281.5,28,-276.2449,28,-292,16,-292,28,-276.2449,16,-292,0,-292,28,-276.2449,0,-292,0,-285.5,28,-276.2449,0,-285.5,2.3157976,-284.6316,48,-288,48,-302.85715,28,-308.9796,48,-288,28,-308.9796,28,-292,48,-288,28,-292,28,-276.2449,48,-288,28,-276.2449,30.48454,-275.43362,48,-288,30.48454,-275.43362,48,-270.1591,48,-288,48,-270.1591,80,-260.52274,48,