{"map":"ztndm5","version":1,"bounds":{"minX":-688,"maxX":640,"minY":-464.25,"maxY":1216},"locs":[{"name":"GA","z":256,"tris":[0,160,16,160,16,-80,0,160,16,-80,0,-90.66668,0,160,0,-90.66668,-16,-101.33333,0,160,-16,-101.33333,-32,-112,0,160,-32,-112,-128,-96,0,160,-128,-96,-128,160,-160,86.399994,-160,160,-128,160,-160,86.399994,-128,160,-128,-96,-160,86.399994,-128,-96,-160,-112,-160,-128,-160,-112,-128,-96,-160,-128,-128,-96,-32,-112,-160,-128,-32,-112,-32,-128,-320,640,-320,512,-352,512,-320,640,-352,512,-352,640,-320,512,-320,640,-224,640,-320,512,-224,640,-192,640,-320,512,-192,640,-192,608,-320,512,-192,608,-192,416,-320,512,-192,416,-320,416,-192,416,-192,384,-232,384,-192,416,-232,384,-320,384,-192,416,-320,384,-320,416,-64,384,-64,376,-192,376,-64,384,-192,376,-192,384,-64,376,-64,256,-64,208,-64,376,-64,208,-128,208,-64,376,-128,208,-192,208,-64,376,-192,208,-192,376,-64,208,-64,192,-128,192,-64,208,-128,192,-128,208,-128,208,-128,192,-192,128,-128,208,-192,128,-192,144,-192,208,-128,208,-192,144,-232,376,-384,376,-456,376,-232,376,-456,376,-448,384,-232,376,-448,384,-320,384,-232,376,-320,384,-232,384,-192,376,-232,376,-232,384,-192,376,-232,384,-192,384,-192,208,-256,208,-384,208,-192,208,-384,208,-384,376,-192,208,-384,376,-232,376,-192,208,-232,376,-192,376,-192,128,-208,128,-192,144,-208,-16,-208,128,-192,128,-208,-16,-192,128,-192,96,-208,-16,-192,96,-192,-96,-208,-16,-192,-96,-208,-96,-192,-96,-192,-128,-208,-128,-192,-96,-208,-128,-208,-96,-208,128,-256,80,-256,208,-208,128,-256,208,-192,208,-208,128,-192,208,-192,144,-256,80,-208,128,-208,-16,-256,80,-208,-16,-256,-16,-384,152,-384,208,-256,208,-384,152,-256,208,-256,80,-384,152,-256,80,-256,-16,-384,152,-256,-16,-384,-16,-576,240,-576,256,-456,376,-576,240,-456,376,-384,376,-576,240,-384,376,-384,208,-576,240,-384,208,-384,152,-576,240,-384,152,-576,152,-384,152,-384,-16,-432,-16,-384,152,-432,-16,-448,0,-384,152,-448,0,-576,128,-384,152,-576,128,-576,144,-384,152,-576,144,-576,152,-448,-16,-448,0,-432,-16,-432,-16,-384,-16,-256,-16,-432,-16,-256,-16,-208,-16,-432,-16,-208,-16,-208,-96,-432,-16,-208,-96,-208,-128,-432,-16,-208,-128,-256,-128,-432,-16,-256,-128,-288,-128,-432,-16,-288,-128,-384,-128,-432,-16,-384,-128,-448,-128,-432,-16,-448,-128,-448,-16]},{"name":"GA.way","z":256,"tris":[192,-160,192,-176,192,-192,192,-160,192,-192,64,-192,192,-160,64,-192,64,-176,192,-160,64,-176,64,-160,-288,-192,-288,-128,-256,-128,-288,-192,-256,-128,-256,-192,-384,-128,-288,-128,-288,-192,-384,-128,-288,-192,-384,-192,160,-384,0,-384,-16,-384,160,-384,-16,-384,-48,-384,160,-384,-48,-384,-64,-384,160,-384,-64,-384,-64,-256,160,-384,-64,-256,-48,-256,160,-384,-48,-256,-16,-256,160,-384,-16,-256,0,-256,160,-384,0,-256,160,-256,224,-256,256,-256,256,-384,224,-256,256,-384,224,-384,224,-256,224,-384,160,-384,224,-256,160,-384,160,-256,224,-256,160,-256,0,-256,224,-256,0,-256,0,-192,224,-256,0,-192,64,-192,224,-256,64,-192,192,-192,224,-256,192,-192,224,-192,256,-192,256,-224,256,-256,256,-192,256,-256,224,-256,256,-192,224,-256,224,-192,224,-448,0,-448,0,-384,224,-448,0,-384,160,-384,224,-448,160,-384,224,-384,256,-384,256,-448,224,-448,256,-384,224,-448,224,-384,-256,-384,-256,-256,-64,-256,-256,-384,-64,-256,-64,-384,-288,-416,-288,-384,-288,-192,-288,-416,-288,-192,-256,-192,-288,-416,-256,-192,-256,-256,-288,-416,-256,-256,-256,-384,-288,-416,-256,-384,-256,-416,-256,-432,-288,-453.5,-288,-448,-256,-432,-288,-448,-288,-416,-256,-432,-288,-416,-256,-416,-288,-192,-288,-384,-352,-384,-288,-192,-352,-384,-384,-384,-288,-192,-384,-384,-384,-192,-304,-464,-304,-448,-288,-448,-304,-464,-288,-448,-288,-453.5,-304,-464,-288,-453.5,-304,-464.25,-304,-448,-304,-464,-336,-464,-304,-448,-336,-464,-336,-448,-352,-453.50037,-352,-448,-336,-448,-352,-453.50037,-336,-448,-336,-464,-352,-453.50037,-336,-464,-336,-464.2499,-384,-432,-384,-384,-352,-384,-384,-432,-352,-384,-352,-448,-384,-432,-352,-448,-352,-453.50037,-288,-448,-352,-448,-352,-384,-288,-448,-352,-384,-288,-384]},{"name":"GL","z":192.00002,"tris":[176,0,256,0,256,-64,176,0,256,-64,176,-64,176,0,176,-64,160,-64,176,0,160,-64,160,0,16,160,64,160,64,-80,16,160,64,-80,16,-80,64,160,160,160,160,0,64,160,160,0,160,-64,64,160,160,-64,160,-120,64,160,160,-120,128,-112,64,160,128,-112,64,-80,-16,-101.33333,0,-90.66668,16,-80,-16,-101.33333,16,-80,64,-80,-16,-101.33333,64,-80,128,-112,-16,-101.33333,128,-112,128,-128,-16,-101.33333,128,-128,-32,-128,-16,-101.33333,-32,-128,-32,-112,160,-120,160,-128,128,-128,160,-120,128,-128,128,-112,640,-64,624,-80,624,-64,624,0,624,16,640,0,624,0,640,0,640,-64,624,0,640,-64,624,-64,624,-64,560,-64,560,0,624,-64,560,0,624,0,576,64,624,16,624,0,576,64,624,0,560,0,576,64,560,0,560,64,624,-80,576,-128,560,-128,624,-80,560,-128,560,-64,624,-80,560,-64,624,-64,384,96,480,96,512,96,384,96,512,96,512,64,384,96,512,64,416,64,384,96,416,64,384,64,416,-64,192,-64,192,64,416,-64,192,64,256,64,416,-64,256,64,368,64,416,-64,368,64,384,64,416,-64,384,64,416,64,512,64,528,64,560,64,512,64,560,64,560,0,512,64,560,0,560,-64,512,64,560,-64,416,-64,512,64,416,-64,416,64,48,0,64,0,64,-128,48,0,64,-128,48,-128,64,-144,64,-128,64,0,64,-144,64,0,128,64,64,-144,128,64,192,64,64,-144,192,64,192,-64,64,-144,192,-64,192,-128,64,-144,192,-128,192,-144,64,-144,192,-144,192,-160,64,-144,192,-160,64,-160,192,64,128,64,128,80,192,64,128,80,192,80,128,80,128,64,64,0,128,80,64,0,48,0,416,-128,256,-128,192,-128,416,-128,192,-128,192,-64,416,-128,192,-64,416,-64,560,-128,480,-128,416,-128,560,-128,416,-128,416,-64,560,-128,416,-64,560,-64,192,-128,192,-179.20001,160,-171.2,192,-128,160,-171.2,128,-163.2,192,-128,128,-163.2,64,-131.2,192,-128,64,-131.2,64,-128,16,-131.19998,16,-128,64,-128,16,-131.19998,64,-128,64,-131.2,0,-141.86667,0,-128,16,-128,0,-141.86667,16,-128,16,-131.19998,256,0,256,-64,176,-64,256,0,176,-64,176,0,160,-64,160,0,176,0,160,-64,176,0,176,-64]},{"name":"RA","z":256,"tris":[160,416,160,384,32,384,160,416,32,384,32,416,192,256,0,256,0,272,192,256,0,272,192,272,0,384,16,384,32,384,0,384,32,384,160,384,0,384,160,384,176,384,0,384,176,384,192,384,0,384,192,384,192,272,0,384,192,272,0,272]},{"name":"RA.SNG","z":256,"tris":[160,864,160,640,32,640,160,864,32,640,32,864,160,640,160,416,32,416,160,640,32,416,32,640]},{"name":"YA","z":32,