{"map":"dm3hill","version":1,"bounds":{"minX":-160,"maxX":752,"minY":-432,"maxY":560},"locs":[{"name":"","z":-240,"tris":[736,224,744,224,744,128,736,224,744,128,736,128,744,224,752,224,752,128,744,224,752,128,744,128,296,336,296,464,480,464,296,336,480,464,520,464,296,336,520,464,520,336,520,464,544,464,544,336,520,464,544,336,528,336,520,464,528,336,520,336,417.0904,303.52948,528,303.52948,528,240,417.0904,303.52948,528,240,528,79.52948,417.0904,303.52948,528,79.52948,417.0904,79.52948,528,79.52948,528,48.97289,496,48.97289,528,79.52948,496,48.97289,417.0904,48.97289,528,79.52948,417.0904,48.97289,417.0904,79.52948,520,336,528,336,528,303.52948,520,336,528,303.52948,417.0904,303.52948,520,336,417.0904,303.52948,391.0449,303.52948,520,336,391.0449,303.52948,296,303.52948,520,336,296,303.52948,296,336,48,128,48,144,48,208,48,128,48,208,48,224,48,128,48,224,48,303.52948,48,128,48,303.52948,167.04419,303.52948,48,128,167.04419,303.52948,167.04419,79.52948,48,128,167.04419,79.52948,48,79.52948,167.04419,79.52948,167.04419,48.97289,48,48.97289,167.04419,79.52948,48,48.97289,48,79.52948,32,400,32,464,48,464,32,400,48,464,48,303.52948,32,400,48,303.52948,48,224,32,400,48,224,32,240,272,303.52948,167.04419,303.52948,48,303.52948,272,303.52948,48,303.52948,48,464,272,303.52948,48,464,256,464,272,303.52948,256,464,272,464,296,464,296,336,296,303.52948,296,464,296,303.52948,272,303.52948,296,464,272,303.52948,272,464,32,144,32,208,48,208,32,144,48,208,48,144,32,56,32,112,48,128,32,56,48,128,48,79.52948,32,56,48,79.52948,48,48.97289,32,56,48,48.97289,48,-112,32,56,48,-112,32,-112,544,-112,528,-112,528,16,544,-112,528,16,544,16,272,-112,256,-112,48,-112,272,-112,48,-112,48,48.97289,272,-112,48,48.97289,167.04419,48.97289,272,-112,167.04419,48.97289,272,48.97289,496,-112,480,-112,272,-112,496,-112,272,-112,272,48.97289,496,-112,272,48.97289,391.0443,48.97289,496,-112,391.0443,48.97289,417.0904,48.97289,496,-112,417.0904,48.97289,496,48.97289,528,48.97289,528,16,528,-112,528,48.97289,528,-112,496,-112,528,48.97289,496,-112,496,48.97289,576,336,480,336,352,400,576,336,352,400,352,432,576,336,352,432,352,560,576,336,352,560,520,560,576,336,520,560,576,560,672,560,736,496,736,336,672,560,736,336,704,336,672,560,704,336,576,336,672,560,576,336,576,560,352,384,352,400,480,336,352,384,480,336,469,326,544,208,528,208,469,326,544,208,469,326,480,336,704,208,576,208,544,208,704,208,544,208,480,336,704,208,480,336,576,336,704,208,576,336,704,336,736,336,736,304,736,208,736,336,736,208,704,208,736,336,704,208,704,336,352,432,296,432,296,560,352,432,296,560,352,560,576,208,704,208,736,208,576,208,736,208,736,144,576,208,736,144,576,144,352,-80,528,-80,528,-144,352,-80,528,-144,528,-208,352,-80,528,-208,432,-208,352,-80,432,-208,416,-208,352,-80,416,-208,304,-208,352,-80,304,-208,304,-80,352,-32,469,26,480,16,352,-32,480,16,352,-48,448,-48,352,-48,480,16,352,-80,352,-48,448,-48,352,-80,448,-48,528,-48,352,-80,528,-48,528,-80,528,-208,528,-144,576,-144,528,-208,576,-144,736,-144,528,-208,736,-144,672,-208,528,-144,528,-80,528,-48,528,-144,528,-48,576,-48,528,-144,576,-48,576,-80,528,-144,576,-80,576,-144,736,144,736,80,736,-80,736,144,736,-80,576,-80,736,144,576,-80,576,-48,736,144,576,-48,576,144,736,-80,736,-144,576,-144,736,-80,576,-144,576,-80,528,144,544,144,480,16,528,144,480,16,469,26,480,16,544,144,576,144,480,16,576,144,576,-48,480,16,576,-48,528,-48,480,16,528,-48,448,-48,224,432,224,464,280,436,224,432,280,436,280,432,280,560,280,436,224,464,280,560,224,464,224,560,-96,272,-32,272,-32,208,-96,272,-32,208,-96,208,-32,208,-32,272,0,272,-32,208,0,272,0,208,32,272,64,272,32,208,32,272,32,208,0,208,32,272,0,208,0,272,16,400,32,400,32,336,16,400,32,336,32,272,16,400,32,272,0,272,16,400,0,272,-32,272,16,400,-32,272,-96,272,16,400,-96,272,-96,336,16,400,-96,336,-96,400,-160,496,-96,560,-96,400,-160,496,-96,400,-96,336,-160,496,-96,336,-160,336,-96,336,-96,272,-96,208,-96,336,-96,208,-160,208,-96,336,-160,208,-160,304,-96,336,-160,304,-160,336,-96,400,-96,560,16,560,-96,400,16,560,16,400,64,272,96,336,107,325,64,272,107,325,48,208,64,272,48,208,32,208,107,325,96,336,224,400,107,325,224,400,224,384,96,336,64,272,32,272,96,336,32,272,32,336,224,400,96,336,32,336,224,400,32,336,32,400,32,560,224,464,224,432,32,560,224,432,224,400,32,560,224,400,32,400,32,560,32,400,16,400,32,560,16,400,16,560,224,464,32,560,128,560,224,464,128,560,224,560,-32,144,-32,208,0,208,-32,144,0,208,0,144,76,56,32,56,16,56,76,56,16,56,16,144,76,56,16,144,32,144,76,56,32,144,48,144,76,56,48,144,107,27,76,56,107,27,96,16,-32,-16,-32,144,0,144,-32,-16,0,144,16,144,-32,-16,16,144,16,56,-32,-16,16,56,16,-48,-32,-16,16,-48,16,-80,-32,-16,16,-80,-32,-80,32,-48,224,-48,224,-80,32,-48,224,-80,32,-80,32,16,96,16,224,-48,32,16,224,-48,32,-48,96,16,32,16,32,56,96,16,32,56,76,56,96,16,107,27,224,-32,96,16,224,-32,224,-48,16,-48,32,-48,32,-80,16,-48,32,-80,16,-80,32,16,32,-48,16,-48,32,16,16,-48,16,56,32,16,16,56,32,56,32,-80,32,-208,16,-208,32,-80,16,-208,16,-80,128,-208,32,-208,32,-80,128,-208,32,-80,224,-80,128,-208,224,-80,272,-80,128,-208,272,-80,272,-208,16,-80,16,-208,-32,-208,16,-80,-32,-208,-32,-144,16,-80,-32,-144,-32,-80,-32,-144,-96,-144,-96,-80,-32,-144,-96,-80,-32,-80,-32,208,-32,144,-32,-16,-32,208,-32,-16,-96,-16,-32,208,-96,-16,-96,208,-32,-16,-32,-80,-96,-80,-32,-16,-96,-80,-96,-16,-32,-208,-96,-208,-96,-144,-32,-208,-96,-144,-32,-144,-96,208,-96,-16,-160,-16,-96,208,-160,-16,-160,80,-96,208,-160,80,-160,208,-96,-16,-96,-80,-96,-144,-96,-16,-96,-144,-96,-208,-96,-16,-96,-208,-160,-144,-96,-16,-160,-144,-160,-16,624,-96,624,-112,544,-112,624,-96,544,-112,544,16,624,-96,544,16,544,56,624,-96,544,56,624,56,720,-112,656,-112,656,-96,720,-112,656,-96,720,-96,728,56,736,56,736,-96,728,56,736,-96,720,-96,728,56,720,-96,656,-96,728,56,656,-96,624,-96,728,56,624,-96,624,56,736,79.93004,736,56,728,56,736,79.93004,728,56,728,95.93223,544,192,544,336,624,336,544,192,624,336,656,336,544,192,656,336,720,336,544,192,720,336,728,336,544,192,728,336,728,255.53023,544,192,728,255.53023,728,224,544,192,728,224,728,128,544,192,728,128,728,112,544,192,728,112,544,112,728,112,728,95.93223,728,56,728,112,728,56,624,56,728,112,624,56,544,56,728,112,544,56,544,112,736,336,736,271.5313,728,255.53023,736,336,728,255.53023,728,336,544,336,544,464,624,464,544,336,624,464,624,448,544,336,624,448,624,336,624,336,624,448,656,448,624,336,656,448,656,336,656,336,656,448,656,464,656,336,656,464,720,464,656,336,720,464,720,448,656,336,720,448,720,336,736,448,736,336,728,336,736,448,728,336,720,336,736,448,720,336,720,448,656,448,624,448,624,464,656,448,624,464,656,464,728,128,728,255.5301,736,271.5313,728,128,736,271.5313,736,79.93004,728,128,736,79.93004,728,95.93206,728,224,736,224,736,128,728,224,736,128,728,128,656,-112,624,-112,624,-96,656,-112,624,-96,656,-96,536,192,544,192,544,160,536,192,544,160,536,160,321.07803,207.51115,321.07803,144.98535,263.0564,144.98535,321.07803,207.51115,263.0564,144.98535,263.0564,207.51096,391.04453,277.4818,321.07803,207.51115,263.0564,207.51096,391.04453,277.4818,263.0564,207.51096,167.04419,303.52948,391.04453,277.4818,167.04419,303.52948,272,303.52948,391.04453,277.4818,272,303.52948,296,303.52948,391.04453,277.4818,296,303.52948,391.0449,303.52948,417.0904,303.52948,391.04453,277.4818,391.0449,303.52948,167.04419,303.52948,263.0564,207.51096,263.0564,144.98535,167.04419,303.52948,263.0564,144.98535,197.60071,79.52936,167.04419,303.52948,197.60071,79.52936,167.04419,79.52948,197.60071,79.52936,167.04419,48.97289,167.04419,79.52948,197.60071,79.52936,263.0564,144.98535,321.07803,144.98535,197.60071,79.52936,321.07803,144.98535,386.533,79.52909,197.60071,79.52936,386.533,79.52909,391.0443,75.01777,197.60071,79.52936,391.0443,75.01777,391.0443,48.97289,197.60071,79.52936,391.0443,48.97289,272,48.97289,197.60071,79.52936,272,48.97289,167.04419,48.97289,391.0443,75.01777,417.0904,48.97289,391.0443,48.97289,321.07803,144.98535,321.07803,207.51115,391.04453,277.4818,321.07803,144.98535,391.04453,