{"map":"dmmp3","version":1,"bounds":{"minX":-592,"maxX":608,"minY":-490.5,"maxY":736},"locs":[{"name":"","z":128,"tris":[608,80,592,80,592,160,608,80,592,160,608,160,608,288,608,160,592,160,608,288,592,160,592,288,592,96,592,144,600,144,592,96,600,144,600,96,600,96,600,144,608,144,600,96,608,144,608,96,400,192,400,272,400,288,400,192,400,288,592,288,400,192,592,288,592,160,400,192,592,160,592,144,400,192,592,144,592,96,400,192,592,96,480,96,400,192,480,96,400,96,480,96,592,96,592,80,480,96,592,80,480,80,608,-64,544,-64,480,-64,608,-64,480,-64,480,80,608,-64,480,80,592,80,608,-64,592,80,608,80,400,-32,400,48,400,96,400,-32,400,96,480,96,400,-32,480,96,480,80,400,-32,480,80,480,-64,400,-32,480,-64,400,-64,384,192,384,272,400,272,384,192,400,272,400,192,192,272,384,272,384,192,192,272,384,192,192,192,192,272,192,192,176,192,192,272,176,192,176,272,384,-32,384,48,400,48,384,-32,400,48,400,-32,192,48,384,48,384,-32,192,48,384,-32,192,-32,192,48,192,-32,176,-32,192,48,176,-32,176,48,480,-80,480,-64,544,-64,480,-80,544,-64,544,-80,480,-80,544,-80,544,-208,480,-80,544,-208,480,-208,544,-272,480,-272,480,-208,544,-272,480,-208,544,-208,368,-208,368,-272,304,-272,368,-208,304,-272,304,-208,368,-272,368,-208,480,-208,368,-272,480,-208,480,-272,304,-368,368,-368,368,-432,304,-368,368,-432,304,-437.33334,304,-272,368,-272,368,-368,304,-272,368,-368,304,-368,304,-368,304,-437.33334,176,-448,304,-368,176,-448,176,-368,-368,-120,-336,-128,-367.4386,-135.85965,-368,-120,-367.4386,-135.85965,-368,-135.75006,-368,-120,-368,-135.75006,-407.8419,-127.968376,-104.675644,185.07025,-128,128,-160.44075,207.3763,-240,114.83186,-99.79999,59,-96,57.486725,-240,114.83186,-96,57.486725,-72.177765,48,-240,114.83186,-72.177765,48,-32,32,-240,114.83186,-32,32,-223.59923,-44.30058,-240,114.83186,-223.59923,-44.30058,-240,-32,-215.08862,296.91138,-193.52353,288.32352,-180.24065,255.82285,-215.08862,296.91138,-180.24065,255.82285,-234.69267,277.3073,-90.48452,219.79323,-80.819595,243.44142,-32,224,-90.48452,219.79323,-32,224,-66.48883,210.26552,-90.48452,219.79323,-66.48883,210.26552,-68.14732,209.60506,-90.48452,219.79323,-68.14732,209.60506,-96,198.51329,-90.48452,219.79323,-96,198.51329,-99.8,197,-180.04984,255.35591,-90.48452,219.79323,-99.8,197,-180.04984,255.35591,-99.8,197,-104.675644,185.07025,-180.04984,255.35591,-104.675644,185.07025,-160.44075,207.3763,-180.04984,255.35591,-160.44075,207.3763,-240,239.2,-180.04984,255.35591,-240,239.2,-240,272,-180.04984,255.35591,-240,272,-234.87518,277.12482,-180.24065,255.82285,-193.52353,288.32352,-80.819595,243.44142,-180.24065,255.82285,-80.819595,243.44142,-90.48452,219.79323,-180.24065,255.82285,-90.48452,219.79323,-180.04984,255.35591,-234.69267,277.3073,-180.24065,255.82285,-180.04984,255.35591,-234.69267,277.3073,-180.04984,255.35591,-234.87518,277.12482,-32,32,4.1472583,46.3949,8.177759,48,-32,32,8.177759,48,32,57.486725,-32,32,32,57.486725,32,49.702133,-32,32,32,49.702133,32,-80,-32,32,32,-80,-176,-80,-32,32,-176,-80,-223.59923,-44.30058,-240,192,-240,239.2,-160.44075,207.3763,-240,192,-160.44075,207.3763,-128,128,-240,192,-128,128,-99.79999,59,-240,192,-99.79999,59,-240,114.83186,32,57.486725,35.800003,59,32,49.702133,88.53334,176,176,176,176,-32,88.53334,176,176,-32,140.32613,-58.755413,88.53334,176,140.32613,-58.755413,64,128,88.53334,176,64,128,49.14262,164.3532,88.53334,176,49.14262,164.3532,44.382618,176,32,49.702133,35.800003,59,50.23691,94.324356,32,49.702133,50.23691,94.324356,50.63349,95.294716,32,49.702133,50.63349,95.294716,64,128,32,49.702133,64,128,140.32613,-58.755413,32,49.702133,140.32613,-58.755413,112,-80,32,49.702133,112,-80,48,-80,32,49.702133,48,-80,32,-80,44.382618,176,35.80001,197,88.53334,176,48,336,112,336,176,272,48,336,176,272,176,192,48,336,176,192,176,176,48,336,176,176,88.53334,176,48,336,88.53334,176,35.80001,197,48,336,35.80001,197,-32,224,48,336,-32,224,-80.819595,243.44142,48,336,-80.819595,243.44142,-193.52353,288.32352,48,336,-193.52353,288.32352,-215.08862,296.91138,48,336,-215.08862,296.91138,-176,336,-285.7143,656,-432,656,-432,736,-285.7143,656,-432,736,-285.7143,736,-285.7143,656,-285.7143,736,-208,736,-285.7143,656,-208,736,-208,656,-208,736,-176,736,-176,656,-208,736,-176,656,-208,656,-176,576,-176,656,-176,736,-176,576,-176,736,-96,736,-176,576,-96,736,-96,576,-176,576,-96,576,-96,512,-176,576,-96,512,-176,512,-96,512,-96,352,-96,336,-96,512,-96,336,-176,336,-96,512,-176,336,-176,352,-96,512,-176,352,-176,512,112,352,32,352,32,480,112,352,32,480,32,560,112,352,32,560,112,560,112,336,32,336,32,352,112,336,32,352,112,352,-192,480,-192,560,-64,560,-192,480,-64,560,32,560,-192,480,32,560,32,480,-192,480,-240,480,-240,560,-192,480,-240,560,-192,560,-240,560,-240,480,-288,480,-240,560,-288,480,-288,560,-288,480,-336,480,-336,560,-288,480,-336,560,-288,560,-336,480,-384,480,-384,560,-336,480,-384,560,-358.85715,560,-336,480,-358.85715,560,-336,560,-384,480,-432,480,-432,560,-384,480,-432,560,-384,560,-450.28574,456.68573,-450.2857,336,-512,336,-450.28574,456.68573,-512,336,-512,432,-450.28574,736,-432,736,-432,656,-450.28574,736,-432,656,-432,560,-450.28574,736,-432,560,-432,512,-450.28574,736,-432,512,-450.2857,512,-432,512,-432,480,-432,336,-432,512,-432,336,-450.2857,336,-432,512,-450.2857,336,-450.28574,456.68573,-432,512,-450.28574,456.68573,-450.2857,512,-512,656,-512,736,-450.28574,736,-512,656,-450.28574,736,-450.2857,512,-512,656,-450.2857,512,-512,512,-450.2857,512,-450.28574,456.68573,-512,432,-450.2857,512,-512,432,-512,512,176,272,176,192,32,192,176,272,32,192,32,272,32,144,32,336,112,336,32,144,112,336,112,144,32,144,112,144,112,112,32,144,112,112,32,112,112,112,112,-80,32,-80,112,112,32,-80,32,112,-16,192,-240,192,-240,272,-16,192,-240,272,-16,272,32,192,-16,192,-16,272,32,192,-16,272,32,272,-176,112,-176,144,-176,336,-176,112,-176,336,-96,336,-176,112,-96,336,-96,272,-176,112,-96,272,-96,112,-176,48,-176,112,-96,112,-176,48,-96,112,-96,48,48,-32,-176,-32,-176,48,48,-32,-176,48,48,48,176,48,176,-32,48,-32,176,48,48,-32,48,48,-176,-32,-176,48,-96,48,-176,-32,-96,48,-96,-32,-96,-80,-176,-80,-176,-32,-96,-80,-176,-32,-96,-32,-176,-32,-240,-32,-240,48,-176,-32,-240,48,-176,48,32,-96,32,-80,112,-80,32,-96,112,-80,112,-96,32,-96,112,-96,112,-224,32,-96,112,-224,48,-224,32,-96,48,-224,32,-224,-176,-96,-176,-80,-96,-80,-176,-96,-96,-80,-96,-96,-176,-96,-96,-96,-96,-224,-176,-96,-96,-224,-176,-224,48,-304,32,-304,-176,-304,48,-304,-176,-304,-176,-224,48,-304,-176,-224,-96,-224,48,-304,-96,-224,32,-224,48,-304,32,-224,48,-224,112,-224,112,-304,48,-304,112,-224,48,-304,48,-224,112,-368,32,-368,32,-304,112,-368,32,-304,48,-304,112,-368,48,-304,112,-304,-240,272,-240,192,-256,192,-240,272,-256,192,-320,192,-240,-32,-256,-32,-256,48,-240,-32,-256,48,-240,48,-256,-32,-336,-32,-336,48,-256,-32,-336,48,-256,48,-336,-32,-368,-32,-368,48,-336,-32,-368,48,-336,48,-368,-135.75,-367.4386,-135.85965,-368,-136,-184,-448,-207,-448,-207,-368,-184,-448,-207,-368,-184,-368,-30.500013,-448,-80,-448,-80,-368,-30.500013,-448,-80,-368,-30.50005,-368,32,-448,24,-448,24,-368,32,-448,24,-368,32,-368,112,-368,176,-368,176,-448,112,-368,176,-448,32,-448,112,-368,32,-448,32,-368,24,-448,1,-448,1,-368,24,-448,1,-368,24,-368,1,-448,-22,-448,-22,-368,1,-448,-22,-368,1,-368,-22,-448,-45,-448,-45,-368,-22,-448,-45,-368,-22,-368,-45,-448,-68,-448,-68,-368,-45,-448,-68,-368,-45,-368,-68,-448,-91,-448,-91,-368,-68,-448,-91,-368,-68,-368,-91,-448,-96,-448,-114,-448,-91,-448,-114,-448,-114,-368,-91,-448,-114,-368,-91,-368,-114,-448,-137,-448,-137,-368,-114,-448,-137,-368,-114,-368,-137,-448,-160,-448,-160,-368,-137,-448,-160,-368,-137,-368,-160,-448,-184,-448,-184,-368,-160,-448,-184,-368,-160,-368,-207,-448,-230,-448,-230,-368,-207,-448,-230,-368,-207,-368,-230,-448,-253,-448,-253,-368,-230,-448,-253,-368,-230,-368,-276,-448,-299,-448,-299,-368,-276,-448,-299,-368,-276,-368,-253,-448,-276,-448,-276,-368,-253,-448,-276,-368,-253,-368,-299,-448,-322,-448,-322,-368,-299,-448,-322,-368,-299,-368,-345,-448,-345,-368,-322,