{"map":"jqdf1","version":1,"bounds":{"minX":-239,"maxX":3983,"minY":-977,"maxY":2401},"locs":[{"name":"","z":256,"tris":[127.71429,-63.857143,0,-63.857143,0,63.857143,127.71429,-63.857143,0,63.857143,127.71429,63.857143,1792,1184,1792,1199.4894,1830.4928,1294.4928,1792,1184,1830.4928,1294.4928,1907.9546,1371.9546,1792,1184,1907.9546,1371.9546,1992.551,1408,1792,1184,1992.551,1408,2016,1408,1792,1184,2016,1408,2016,1184,1880,960,1833.2075,1006.7925,1792,1104,1880,960,1792,1104,1792,1184,1880,960,1792,1184,2016,1184,1880,960,2016,1184,2016,960,2016,896,2002.3958,896,1904.5776,935.42236,2016,896,1904.5776,935.42236,1880,960,2016,896,1880,960,2016,960,2092.9363,1408,2192.232,1367.7681,2240,1320,2092.9363,1408,2240,1320,2240,1184,2092.9363,1408,2240,1184,2016,1184,2092.9363,1408,2016,1184,2016,1408,2240,1184,2240,1096,2240,984,2240,1184,2240,984,2216,960,2240,1184,2216,960,2016,960,2240,1184,2016,960,2016,1184,2216,960,2190.6416,934.6415,2099.487,896,2216,960,2099.487,896,2016,896,2216,960,2016,896,2016,960,2240,1184,2240,1320,2260.1516,1299.8485,2240,1184,2260.1516,1299.8485,2304,1196.9387,2240,1184,2304,1196.9387,2304,1104.1711,2240,1184,2304,1104.1711,2300.7068,1096,2240,1184,2300.7068,1096,2240,1096,2300.7068,1096,2266.0793,1010.0794,2240,984,2300.7068,1096,2240,984,2240,1096,256,1824,256,2016,256,2048,256,1824,256,2048,480,2048,256,1824,480,2048,480,1824,480,1792,256,1792,256,1824,480,1792,256,1824,480,1824,480,1824,480,2048,704,2048,480,1824,704,2048,704,1824,704,1792,480,1792,480,1824,704,1792,480,1824,704,1824,768,2048,768,2016,768,1824,768,2048,768,1824,704,1824,768,2048,704,1824,704,2048,768,1824,768,1792,704,1792,768,1824,704,1792,704,1824,1088,1952,1088,2112,1088,2176,1088,1952,1088,2176,1312,2176,1088,1952,1312,2176,1312,1952,1088,1728,1088,1888,1088,1952,1088,1728,1088,1952,1312,1952,1088,1728,1312,1952,1312,1728,1312,1664,1088,1664,1088,1728,1312,1664,1088,1728,1312,1728,1344,2176,1344,2112,1344,1952,1344,2176,1344,1952,1312,1952,1344,2176,1312,1952,1312,2176,1344,1952,1344,1888,1344,1728,1344,1952,1344,1728,1312,1728,1344,1952,1312,1728,1312,1952,1344,1728,1344,1664,1312,1664,1344,1728,1312,1664,1312,1728,1664,1936,1664,2112,1664,2160,1664,1936,1664,2160,1888,2160,1664,1936,1888,2160,1888,1936,1664,1712,1664,1888,1664,1936,1664,1712,1664,1936,1888,1936,1664,1712,1888,1936,1888,1712,1888,1664,1664,1664,1664,1712,1888,1664,1664,1712,1888,1712,1920,2160,1920,2112,1920,1936,1920,2160,1920,1936,1888,1936,1920,2160,1888,1936,1888,2160,1920,1936,1920,1888,1920,1712,1920,1936,1920,1712,1888,1712,1920,1936,1888,1712,1888,1936,1920,1712,1920,1664,1888,1664,1920,1712,1888,1664,1888,1712,2304,1952,2304,2112,2304,2176,2304,1952,2304,2176,2528,2176,2304,1952,2528,2176,2528,1952,2304,1728,2304,1888,2304,1952,2304,1728,2304,1952,2528,1952,2304,1728,2528,1952,2528,1728,2528,1664,2304,1664,2304,1728,2528,1664,2304,1728,2528,1728,2560,2176,2560,2112,2560,1952,2560,2176,2560,1952,2528,1952,2560,2176,2528,1952,2528,2176,2560,1952,2560,1888,2560,1728,2560,1952,2560,1728,2528,1728,2560,1952,2528,1728,2528,1952,2560,1728,2560,1664,2528,1664,2560,1728,2528,1664,2528,1728,2944,1824,2944,2016,2944,2048,2944,1824,2944,2048,3168,2048,2944,1824,3168,2048,3168,1824,3168,1792,2944,1792,2944,1824,3168,1792,2944,1824,3168,1824,3168,1824,3168,2048,3392,2048,3168,1824,3392,2048,3392,1824,3392,1792,3168,1792,3168,1824,3392,1792,3168,1824,3392,1824,3392,1824,3392,2048,3616,2048,3392,1824,3616,2048,3616,1824,3616,1792,3392,1792,3392,1824,3616,1792,3392,1824,3616,1824,3840,2048,3840,2016,3840,1824,3840,2048,3840,1824,3616,1824,3840,2048,3616,1824,3616,2048,3840,1824,3840,1792,3616,1792,3840,1824,3616,1792,3616,1824,3584,1312,3584,1504,3584,1536,3584,1312,3584,1536,3808,1536,3584,1312,3808,1536,3808,1312,3808,1280,3584,1280,3584,1312,3808,1280,3584,1312,3808,1312,3840,1536,3840,1504,3840,1312,3840,1536,3840,1312,3808,1312,3840,1536,3808,1312,3808,1536,3840,1312,3840,1280,3808,1280,3840,1312,3808,1280,3808,1312,3584,800,3584,992,3584,1024,3584,800,3584,1024,3808,1024,3584,800,3808,1024,3808,800,3808,768,3584,768,3584,800,3808,768,3584,800,3808,800,3840,1024,3840,992,3840,800,3840,1024,3840,800,3808,800,3840,1024,3808,800,3808,1024,3840,800,3840,768,3808,768,3840,800,3808,768,3808,800,3072,1312,3072,1504,3072,1536,3072,1312,3072,1536,3296,1536,3072,1312,3296,1536,3296,1312,3296,1280,3072,1280,3072,1312,3296,1280,3072,1312,3296,1312,3328,1536,3328,1504,3328,1312,3328,1536,3328,1312,3296,1312,3328,1536,3296,1312,3296,1536,3328,1312,3328,1280,3296,1280,3328,1312,3296,1280,3296,1312,3072,800,3072,992,3072,1024,3072,800,3072,1024,3296,1024,3072,800,3296,1024,3296,800,3296,768,3072,768,3072,800,3296,768,3072,800,3296,800,3328,1024,3328,992,3328,800,3328,1024,3328,800,3296,800,3328,1024,3296,800,3296,1024,3328,800,3328,768,3296,768,3328,800,3296,768,3296,800,3584,352,3584,384,3584,576,3584,352,3584,576,3808,576,3584,352,3808,576,3808,352,3584,128,3584,160,3584,352,3584,128,3584,352,3808,352,3584,128,3808,352,3808,128,3584,-96,3584,-64,3584,128,3584,-96,3584,128,3808,128,3584,-96,3808,128,3808,-96,3808,-320,3776,-320,3584,-320,3808,-320,3584,-320,3584,-288,3808,-320,3584,-288,3584,-96,3808,-320,3584,-96,3808,-96,3840,576,3840,352,3808,352,3840,576,3808,352,3808,576,3840,352,3840,128,3808,128,3840,352,3808,128,3808,352,3840,128,3840,-96,3808,-96,3840,128,3808,-96,3808,128,3840,-96,3840,-320,3808,-320,3840,-96,3808,-320,3808,-96,1536,64,1664,-64,1536,-64,1536,-288,1536,-256,1536,-128,1536,-288,1536,-128,1536,-96,1536,-288,1536,-96,1536,-64,1536,-288,1536,-64,1760,-64,1536,-288,1760,-64,1760,-288,1760,-320,1536,-320,1536,-288,1760,-320,1536,-288,1760,-288,1760,-288,1760,-64,1984,-64,1760,-288,1984,-64,1984,-288,1984,-320,1760,-320,1760,-288,1984,-320,1760,-288,1984,-288,1984,-288,1984,-64,2208,-64,1984,-288,2208,-64,2208,-288,2208,-320,1984,-320,1984,-288,2208,-320,1984,-288,2208,-288,2208,-288,2208,-64,2432,-64,2208,-288,2432,-64,2432,-288,2432,-320,2208,-320,2208,-288,2432,-320,2208,-288,2432,-288,2432,-288,2432,-64,2656,-64,2432,-288,2656,-64,2656,-288,2656,-320,2432,-320,2432,-288,2656,-320,2432,-288,2656,-288,2656,-288,2656,-64,2880,-64,2656,-288,2880,-64,2880,-288,2880,-320,2656,-320,2656,-288,2880,-320,2656,-288,2880,-288,2880,-288,2880,-64,3104,-64,2880,-288,3104,-64,3104,-288,3104,-320,2880,-320,2880,-288,3104,-320,2880,-288,3104,-288,3104,-288,3104,-64,3328,-64,3104,-288,3328,-64,3328,-288,3328,-320,3104,-320,3104,-288,3328,-320,3104,-288,3328,-288,3328,-288,3328,-64,3552,-64,3328,-288,3552,-64,3552,-288,3552,-320,3328,-320,3328,-288,3552,-320,3328,-288,3552,-288,3584,-64,3584,-96,3584,-288,3584,-64,3584,-288,3552,-288,3584,-64,3552,-288,3552,-64,3584,-288,3584,-320,3552,-320,3584,-288,3552,-320,3552,-288,96,-96,-128,-96,-128,-95.78571,96,-96,-128,-95.78571,-31.928572,-95.78571,96,-96,-31.928572,-95.78571,96,-95.78571,159.64285,-95.78571,159.64285,-96,96,-96,159.64285,-95.78571,96,-96,96,-95.78571,-31.928572,128,96,128,159.64285,128,-31.928572,128,159.64285,128,159.64285,95.78571,-31.928572,128,159.64285,95.78571,-31.928572,95.78571,-128,96,-128,128,-31.928572,128,-128,96,-31.928572,128,-31.928572,95.78571,-128,96,-31.928572,95.78571,-31.928572,-95.78571,-128,96,-31.928572,-95.78571,-128,-95.78571,383.64285,-96,320,-96,159.64285,-96,383.64285,-96,159.64285,-96,159.64285,-95.78571,383.64285,-96,159.64285,-95.78571,159.64285,95.78571,383.64285,-96,159.64285,95.78571,159.64285,128,383.64285,-96,159.64285,128,320,128,383.64285,-96,320,128,383.64285,128,607.6428,-96,544,-96,383.64285,-96,607.6428,-96,383.64285,-96,383.64285,128,607.6428,-96,383.64285,128,544,128,607.6428,-96,544,128,607.6428,128,831.6428,-96,768,-96,607.6428,-96,831.6428,-96,607.6428,-96,607.6428,128,831.6428,-96,607.6428,128,768,128,831.6428,-96,768,128,831.6428,128,1055.6428,-96,992,-96,831.6428,-96,1055.6428,-96,831.6428,-96,831.6428,128,1055.6428,-96,831.6428,128,992,128,1055.6428,-96,992,128,1055.6428,128,1279.6428,-96,1216,-96,1055.6428,-96,1279.6428,-96,1055.6428,-96,1055.6428,128,1279.6428,-96,1055.6428,128,