{"map":"kjdm2","version":1,"bounds":{"minX":-408,"maxX":504,"minY":-184,"maxY":776},"locs":[{"name":"","z":-112,"tris":[8,768,8,776,40,776,8,768,40,776,40,768,504,352,496,352,496,384,504,352,496,384,504,384,-224,552,-88,552,-88,320,-224,552,-88,320,-136,320,-224,552,-136,320,-224,360,40,336,40,320,-56,320,40,336,-56,320,-56,336,-88,552,48,552,48,336,-88,552,48,336,-88,336,48,616,48,552,0,552,48,616,0,552,0,616,0,552,-224,552,-224,603.2001,0,552,-224,603.2001,-96,616,0,552,-96,616,0,616,82.90909,336,72,328,72,336,159.27274,392,82.90909,336,48,336,159.27274,392,48,336,48,392,48,616,129.45456,616,176,542.8572,48,616,176,542.8572,176,404.26666,48,616,176,404.26666,159.27274,392,48,616,159.27274,392,48,392,129.45456,616,130.18178,616,176,544,129.45456,616,176,544,176,542.8572,80,768,80,656,-32,656,80,768,-32,656,-32,768,40,336,40,320,-56,320,40,336,-56,320,-56,336,-224,603.2,-96,616,-88,616,-224,603.2,-88,616,-88,320,-224,603.2,-88,320,-136,320,-224,603.2,-136,320,-224,360,82.90909,336,72,328,72,336,129.45457,616,176,542.8572,176,404.2667,129.45457,616,176,404.2667,82.90909,336,129.45457,616,82.90909,336,-88,336,129.45457,616,-88,336,-88,616,232,416,225.33333,400,192,400,232,416,192,400,192,504,232,416,192,504,194.2857,504,-264,400,-278,400,-288,480,-264,400,-288,480,-283.63635,504,-264,400,-283.63635,504,-264,504,488,216,488,200,392,200,488,216,392,200,392,216,408,208,408,216,472,216,408,208,472,216,472,208,408,200,408,208,472,208,408,200,472,208,472,200,496,304,496,192,384,192,496,304,384,192,384,304,384,528,496,528,496,304,384,528,496,304,384,304,384,528,384,416,232,416,384,528,232,416,184,528,384,528,192,528,192,656,384,528,192,656,240,656,192,528,184,528,-32,640,192,528,-32,640,-32,656,192,528,-32,656,192,656,288,416,288,304,192,304,288,416,192,304,192,320,288,416,192,320,232,416,192,320,192,304,160,304,288,304,288,208,64,208,288,304,64,208,64,256,288,304,64,256,160,304,64,192,-64,192,-64,256,64,192,-64,256,64,256,-256,656,-283.63635,504,-400,504,-256,656,-400,504,-400,608,-288,480,-288,504,-283.63635,504,-288,480,-272,352,-288,352,-272,352,-238.4,304,-288,304,-272,352,-288,304,-288,352,-400,504,-288,504,-288,304,-400,504,-288,304,-376,304,-400,504,-376,304,-400,352,-64,256,-64,192,-160,192,-64,256,-160,192,-216,272,-320,304,-238.4,304,-160,192,-320,304,-160,192,-320,192,-320,192,-376,304,-320,304,496,336,496,304,400,304,496,336,400,304,400,336,416,536,416,528,384,528,416,536,384,528,384,536,400,528,400,432,368,432,400,528,368,432,368,528,496,528,496,432,400,432,496,528,400,432,400,528,496,312,496,304,400,304,496,312,400,304,400,312,496,432,496,400,400,400,496,432,400,400,400,432,496,400,496,368,400,368,496,400,400,368,400,400,496,368,496,336,400,336,496,368,400,336,400,368,80,656,80,640,-32,640,80,656,-32,640,-32,656,-304,640,-256,656,-224,653.53845,-304,640,-224,653.53845,-224,640,-224,653.53845,-64,641.2307,-64,640,-224,653.53845,-64,640,-224,640,304,528,304,432,272,432,304,528,272,432,272,528,-168.0011,352,-72,336,-224,336,-168.0011,352,-224,336,-224,352,-224,536.8889,-192,480,-168.0011,352,-224,536.8889,-168.0011,352,-224,352,-224,416,-224,304,-376,304,-224,416,-376,304,-384,320,-224,416,-384,320,-384,416,-384,613.3333,-304,640,-224,640,-384,613.3333,-224,640,-224,416,-384,613.3333,-224,416,-384,416,-64,640,-64,581,-223.5683,536.1214,-64,640,-223.5683,536.1214,-224,536.8889,-64,640,-224,536.8889,-224,640,-64,608,32,608,-64,581,192,336,192,304,0,304,192,336,0,304,0,336,0,304,-224,304,-224,336,0,304,-224,336,0,336,152,403,152,336,48,336,152,528,192,528,192,336,152,528,192,336,152,336,184,528,152,528,152,544,184,528,152,544,184,544,120,640,130.6666,608,-64,608,120,640,-64,608,-64,640,152,640,184,544,152,544,152,640,152,544,120,640,256,528,256,304,192,304,256,528,192,304,192,528,256,528,272,528,272,432,256,528,272,432,256,432,-152,504,48,504,48,400,-152,504,48,400,-152,400,112,440,80,440,80,464,112,440,80,464,112,464,112,400,112,488,192,488,112,400,192,488,192,400,192,488,48,488,48,504,192,488,48,504,192,504,48,488,80,488,80,400,48,488,80,400,48,400,80,400,80,416,112,416,80,400,112,416,112,400,-152,488,-184,488,-184,504,-152,488,-184,504,-152,504,-152,440,-184,440,-184,464,-152,440,-184,464,-152,464,-184,400,-184,416,-152,416,-184,400,-152,416,-152,400,-264,400,-264,504,-184,504,-264,400,-184,504,-184,400,368,528,368,432,336,432,368,528,336,432,336,528,336,528,336,432,304,432,336,528,304,432,304,528,320,316,320,312,288,312,320,316,288,312,288,316,368,312,368,304,320,304,368,312,320,304,320,312,320,312,320,304,288,304,320,312,288,304,288,312,64,624,64,616,0,616,64,624,0,616,0,624,288,312,288,304,72,304,288,312,72,304,72,312,-16,496,-16,480,-96,480,-16,496,-96,480,-96,496,-64,536,-64,520,-96,520,-64,536,-96,520,-96,536,-64,496,-64,552,-16,552,-64,496,-16,552,-16,496,40,480,-16,480,-16,552,40,480,-16,552,40,552,-64,560,-96,560,-96,576,-64,560,-96,576,-64,576,-64,552,-64,576,40,576,-64,552,40,576,40,552,-376,568,-360,568,-360,488,-376,568,-360,488,-376,488,-368,504,-376,504,-376,552,-368,504,-376,552,-368,552,-360,504,-368,504,-368,552,-360,504,-368,552,-360,552,-160,576,-96,576,-96,480,-160,576,-96,480,-160,480,-384,576,-160,576,-160,480,-384,576,-160,480,-384,480,24,448,24,480,40,480,24,448,40,480,40,448,0,480,0,448,-16,448,0,480,-16,448,-16,480,-56,480,-40,480,-40,448,-56,480,-40,448,-56,448,40,304,-56,304,-56,448,40,304,-56,448,40,448,64,298.66666,152,240,152,208,64,298.66666,152,208,64,208,256,240,256,208,152,208,256,240,152,208,152,240,256,304,256,240,152,240,256,304,152,240,64,298.66666,256,304,64,298.66666,64,304,64,304,64,208,-72,208,64,304,-72,208,-72,304,496,304,496,208,392,208,496,304,392,208,392,304,392,208,168,208,168,304,392,208,168,304,392,304,168,208,-56,208,-56,304,168,208,-56,304,168,304,464,208,464,200,368,200,464,208,368,200,368,208,368,200,144,200,144,208,368,200,144,208,368,208,112,208,112,200,-24,200,112,208,-24,200,-24,208,112,196,112,200,144,200,112,196,144,200,144,196,112,208,144,208,144,200,112,208,144,200,112,200,-72,304,-72,192,-152,192,-72,304,-152,192,-152,304,-152,192,-320,192,-376,304,-152,192,-376,304,-152,304,-384,389.3333,-384,320,-400,352,-384,389.3333,-400,352,-400,389.3333,-400,608,-384,613.3333,-384,389.3333,-400,608,-384,389.3333,-400,389.3333,-400,352,-320,192,-328,192,-400,352,-328,192,-400,336,-400,448,-408,448,-408,480,-400,448,-408,480,-400,480,-408,608,-400,608,-400,480,-408,608,-400,480,-408,480,-400,352,-408,352,-408,448,-400,352,-408,448,-400,448,-408,352,-400,352,-400,336,-400,448,-408,448,-408,480,-400,448,-408,480,-400,480,256,-32,256,-176,64,-176,256,-32,64,-176,64,-32,64,192,256,192,256,-32,64,192,256,-32,64,-32,264,-32,264,-64,256,-64,264,-32,256,-64,256,-32,64,80,64,192,256,192,64,80,256,192,256,80,264,120,256,120,256,152,264,120,256,152,264,152,64,192,64,64,-96,64,64,192,-96,64,-96,192,-96,64,-320,64,-320,192,-96,64,-320,192,-96,192,0,0,64,0,64,-176,0,0,64,-176,0,-176,-144,64,0,64,0,-96,-144,64,0,-96,-144,-96,-48,-96,-64,-176,-144,-160,-48,-96,-144,-160,-144,-96,-304,-64,-320,-32,-320,64,-304,-64,-320,64,-144,64,-304,-64,-144,64,-144,-160,-304,-64,-144,-160,-224,-128,-304,-64,-224,-128,-272,-96,-96,192,64,192,64,160,-96,192,64,160,-96,160,-128,0,-160,0,-160,160,-128,0,-160,160,64,160,-128,0,64,160,64,64,-160,192,-160,0,-320,0,-160,192,-320,0,-320,192,-128,0,-128,-32,-320,-32,-128,0,-320,-32,-320,0,-328,192,-320,192,-320,-32,-328,192,-320,-32,-328,-32,-144,-168,-144,-160,-64,-176,-144,-168,-64,-176,-104,-176,-312,-64,-320,-48,-272,-96,-312,-64,-272,-96,-272,-102.40002,-312,-64,-272,-102.40002,-280,-96,-197.33327,-145.77782,-240,-128,-272,-102.40002,-197.33327,-145.77782,-272,-102.40002,-272,-96,-144,-168,-197.33327,-145.77782,-224,-128,-144,-168,-224,-128,-144,-160,-320,-48,-328,-32,-320,-32,-320,-48,-320,-32,-304,-64,-128,-32,-128,-48,-304,-64,-128,-32,-304,-64,-320,-32,-128,-48,-128,-64,-272,-96,-128,-48,-272,-96,-304,-64,-144,-160,-224,-128,-112,-80,-144,-160,-112,-80,-80,-96,-128,-64,-112,-80,-224,-128,-128,-64,-224,-128,-272,-96,-64,-176,-144,-160,-80,-96,-64,-176,-80,-96,-48,-96,-64,-176,