{"map":"kjdm5","version":1,"bounds":{"minX":-448,"maxX":576,"minY":-128,"maxY":896},"locs":[{"name":"","z":376,"tris":[-160,368,-160,320,-160,288,-160,368,-160,288,-192,288,-160,368,-192,288,-192,368,-160,800,-160,768,-160,688,-160,800,-160,688,-176,744,32,799,32,800,33.745453,799.56366,64,288,-160,288,-160,320,64,288,-160,320,64,320,192,320,192,288,64,288,192,320,64,288,64,320,192,320,192,446.4,206.991,452.3964,192,320,206.991,452.3964,192.69565,288,192,320,192.69565,288,192,288,206.991,452.3964,192,446.4,192,544,206.991,452.3964,192,544,192,640,206.991,452.3964,192,640,224,640,206.991,452.3964,224,640,224,616,206.991,452.3964,224,616,224,528,206.991,452.3964,224,528,224,459.2,224,528,224,616,290,616,384,640,384,616,290,616,384,640,290,616,224,616,384,640,224,616,224,640,352,768,288,768,128,768,352,768,128,768,128,776,352,768,128,776,128,784,352,768,128,784,200,800,352,768,200,800,232,800,352,768,232,800,352,800,384,800,384,768,352,768,384,800,352,768,352,800,128,776,128,768,64,768,128,776,64,768,-64,768,128,776,-64,768,32,799,128,776,32,799,33.745453,799.56366,200,800,149.33333,788.7407,138.94737,789.8947,200,800,138.94737,789.8947,128,794,200,800,128,794,128,795.8095,200,800,128,795.8095,128,800,-64,800,32,800,-64,768,-192,784,-174.76923,784,-176,744,-192,784,-176,744,-192,744,-104,784,-104,800,-64,800,-104,784,-64,800,-64,768,-176,744,-162.28572,696,-192,696,-176,744,-192,696,-192,744,-162.28572,696,-160,696,-128,632,-162.28572,696,-128,632,-192,632,-162.28572,696,-192,632,-192,696,-176,528.94116,-192,528,-192,623.68866,-176,528.94116,-192,623.68866,-167.80269,623.3911,-168.20253,476.6076,-192,476.6076,-192,519.1059,-168.20253,476.6076,-192,519.1059,-170.07059,519.1059,-160,368,-192,368,-192,476.6076,-160,368,-192,476.6076,-168.20253,476.6076,-56,784,-64,784,-64,816,-56,784,-64,816,-56,816,-64,828,-64,852,-56,852,-64,828,-56,852,-56,828,-64,864,-64,896,-56,896,-64,864,-56,896,-56,864,64,784,56,784,56,816,64,784,56,816,64,816,56,828,56,852,64,852,56,828,64,852,64,828,-56,816,-56,828,-56,852,-56,816,-56,852,-56,864,-56,816,-56,864,-56,896,-56,816,-56,896,56,896,-56,816,56,896,56,864,-56,816,56,864,56,852,-56,816,56,852,56,828,-56,816,56,828,56,816,-56,816,56,816,56,784,-56,816,56,784,-56,784,56,896,64,896,64,864,56,896,64,864,56,864,-64,320,-64,368,-56,368,-64,320,-56,368,64,368,-64,320,64,368,64,320,-160,432,-136,432,-88,432,-160,432,-88,432,-88,320,-160,432,-88,320,-136,320,-160,432,-136,320,-160,320,-64,368,-64,432,-56,432,-64,368,-56,432,-56,368,-56,368,-56,432,-56,448,-56,368,-56,448,64,448,-56,368,64,448,64,368,-64,768,-64,784,64,784,-64,768,64,784,64,768,-64,768,64,768,64,640,-64,768,64,640,-24,640,-64,768,-24,640,-64,680,64,368,64,448,192,448,64,368,192,448,192,320,64,368,192,320,160,320,64,368,160,320,64,320,304,486.4,304,512,312,512,208,576,304,576,304,528,208,576,304,528,304,512,208,576,304,512,304,486.4,208,576,304,486.4,272,384,208,576,272,384,240,384,208,576,240,384,208,416,384,576,448,576,476.85715,576,384,576,476.85715,576,480,576,384,576,480,576,384,528,384,576,384,528,304,528,384,576,304,528,304,576,476.2857,640,512,640,512,595.7143,476.2857,640,512,595.7143,494,606,476.2857,640,494,606,466,622,512,595.7143,512,592,480,576,512,595.7143,480,576,476.85715,576,512,595.7143,476.85715,576,478,578,512,595.7143,478,578,494,606,476.85715,576,448,576,448,590.5,476.85715,576,448,590.5,450,594,476.85715,576,450,594,478,578,448,640,476.2857,640,466,622,448,640,466,622,450,594,448,640,450,594,448,590.5,64,768,128,768,208,768,64,768,208,768,208,640,64,768,208,640,192,640,64,768,192,640,64,640,208,640,208,768,352,768,208,640,352,768,384,768,208,640,384,768,384,648,208,640,384,648,384,640,208,640,384,640,384,576,208,640,384,576,304,576,208,640,304,576,208,576,512,576,576,448,576,384,512,576,576,384,512,384,512,576,448,544,384,512,512,576,384,512,384,528,512,576,384,528,512,592,448,544,512,576,512,384,448,544,512,384,448,384,448,384,384,512,448,544,384,528,384,512,368,512,384,528,368,512,368,528,448,576,384,576,384,640,448,576,384,640,448,640,478,578,450,594,466,622,478,578,466,622,494,606,352,528,368,528,368,512,352,528,368,512,352,512,352,528,352,512,344,512,352,528,344,512,328,512,352,528,328,512,312,512,352,528,312,512,304,512,352,528,304,512,304,528,384,512,448,384,392,384,384,512,392,384,368,512,392,384,344,384,344,512,392,384,344,512,368,512,344,384,312,384,328,512,344,384,328,512,344,512,312,512,328,512,312,384,312,512,312,384,272,384,512,384,576,384,576,352,512,384,576,352,576,256,512,384,576,256,448,256,512,384,448,256,448,304,512,384,448,304,448,336,512,384,448,336,448,384,240,384,208,384,208,416,-56,448,-56,432,-64,432,-56,448,-64,432,-88,432,-56,448,-88,432,-112,432,-56,448,-112,432,-136,432,-56,448,-136,432,-160,432,-56,448,-160,432,-160,448,-160,432,-136,432,-136,320,-160,432,-136,320,-160,320,-112,432,-88,432,-88,320,-112,432,-88,320,-112,320,-88,432,-64,432,-64,320,-88,432,-64,320,-88,320,-136,432,-112,432,-112,320,-136,432,-112,320,-136,320,64,784,64,768,48,768,64,784,48,768,-64,768,64,784,-64,768,-64,784,64,768,128,768,192,768,64,768,192,768,192,744,64,768,192,744,192,544,64,768,192,544,64,544,192,544,192,520,64,520,192,544,64,520,64,536,192,544,64,536,64,544,64,472,192,472,192,448,64,472,192,448,64,448,192,496,64,496,64,520,192,496,64,520,192,520,192,472,64,472,64,496,192,472,64,496,192,496,48,768,64,768,64,544,48,768,64,544,64,536,48,768,64,536,48,536,48,536,64,536,64,520,48,536,64,520,64,496,48,536,64,496,64,472,48,536,64,472,64,464,48,536,64,464,48,464,-160,768,-128,768,-64,768,-160,768,-64,768,48,768,-160,768,48,768,48,536,-160,768,48,536,48,528,-160,768,48,528,-96,528,-160,768,-96,528,-160,528,-64,464,-96,464,-96,496,-64,464,-96,496,-64,496,48,528,48,496,-64,496,48,528,-64,496,-96,496,48,528,-96,496,-96,528,48,464,-64,464,-64,496,48,464,-64,496,48,496,-96,528,-96,496,-96,464,-96,528,-96,464,-160,464,-96,528,-160,464,-160,528,-96,464,-64,464,48,464,-96,464,48,464,64,464,-96,464,64,464,64,448,-96,464,64,448,-160,448,-96,464,-160,448,-160,464,64,320,50.18919,320,29.5,320,64,320,29.5,320,-78.810814,320,64,320,-78.810814,320,-79,320,64,320,-79,320,-112,320,64,320,-112,320,-160,320,64,320,-160,320,-160,448,64,320,-160,448,64,448,192,448,192,320,144,320,192,448,144,320,111.48649,320,192,448,111.48649,320,64,320,192,448,64,320,64,448,-78.810814,256,-79,256,-79,320,-78.810814,256,-79,320,-78.810814,320,-84,256,-84,320,-12,320,-84,256,-12,320,-12,256,117,320,117,256,45,256,117,320,45,256,45,320,28.47826,256,28.752258,269.74966,29,256,-208,368,-320,368,-320,448,-208,368,-320,448,-160,448,-208,368,-160,448,-160,432,-208,368,-160,432,-160,368,-320,272,-320,336,-320,368,-320,272,-320,368,-208,368,-320,272,-208,368,-208,320,-320,272,-208,320,-208,256,-320,272,-208,256,-224,256,-320,272,-224,256,-320,256,-208,368,-160,368,-160,320,-208,368,-160,320,-192,320,-208,368,-192,320,-208,320,-208,256,-208,320,-192,320,-208,256,-192,320,-192,272,-208,256,-192,272,-192,256,288,128,288,224,288,256,288,128,288,256,320,256,288,128,320,256,320,96,288,128,320,96,320,32,288,128,320,32,288,32,320,32,320,-96,288,-96,320,32,288,-96,288,32,288,256,288,224,160,224,288,256,160,224,160,256,96,256,96,224,64,224,96,256,64,224,32,224,96,256,32,224,32,256,288,-96,320,-96,320,-128,288,-96,320,-128,160,-128,288,-96,160,-128,160,-104,288,-96,160,-104,160,-96,64,-96,96,-96,96,-128,64,-96,96,-128,32,-128,64,-96,32,-128,32,-104,64,-96,32,-104,32,-96,-32,224,-160,224,-160,256,-32,224,-160,256,-32,256,-192,96,-192,256,-160,256,-192,96,-160,256,-160,224,-192,96,-160,224,-160,128,-192,96,-160,128,-160,32,-192,96,-160,32,-192,32,-160,32,-160,-96,-160,-128,-160,32,-160,-128,-192,-128,-160,32,-192,-128,-192,32,-160,-96,-32,-96,-32,-128,-160,-96,-32,-128,-160,-128,304,160,288,160,288,224,304,160,288,224,320,224,304,160,320,224,320,160,96,224,160,224,160,192,96,224,160,192,96,192,304,-32,304,32,304,96,304,-32,304,96,304,160,304,-32,304,160,320,160,304,-32,320,160,320,128,304,-32,320,128,320,-64,304,-32,320,-64,304,-64,320,-64,320,-96,304,-96,320,-64,304,-96,304,-64,288,-96,288,