{"map":"naked3","version":1,"bounds":{"minX":-1024,"maxX":568,"minY":-848,"maxY":384},"locs":[{"name":"GA","z":64,"tris":[-560,144,-592,144,-784,144,-560,144,-784,144,-752,176,-560,144,-752,176,-560,176,-512,176,-512,144,-560,144,-512,176,-560,144,-560,176,-336,144,-320,144,-320,16,-336,144,-320,16,-336,16,-512,144,-480,144,-336,144,-512,144,-336,144,-336,16,-512,144,-336,16,-480,16,-512,144,-480,16,-512,16,-714,-34,-729.19147,-48,-816,-128,-714,-34,-816,-128,-816,-113.23077,-714,-34,-816,-113.23077,-728,-32,-816,-32,-728,-32,-816,-113.23077,-616,-48,-729.19147,-48,-714,-34,-592,-32,-728,-32,-816,-32,-592,-32,-816,-32,-816,112,-592,-32,-816,112,-784,144,-592,-32,-784,144,-592,144,-560,144,-512,144,-512,16,-560,144,-512,16,-512,-16,-560,144,-512,-16,-512,-32,-560,144,-512,-32,-592,-32,-560,144,-592,-32,-592,144,-816,-352,-816,-432,-832,-412,-816,-352,-832,-412,-832,-352,-960,-96,-960,-64,-960,-32,-960,-96,-960,-32,-832,96,-960,-96,-832,96,-832,-32,-960,-96,-832,-32,-832,-128,-960,-96,-832,-128,-960,-128,-832,-128,-832,-352,-880,-352,-832,-128,-880,-352,-960,-252,-832,-128,-960,-252,-960,-128,-832,-352,-832,-412,-880,-352,-816,-128,-832,-128,-816,-113.23077,-832,-128,-832,-32,-816,-32,-832,-128,-816,-32,-816,-113.23077,-816,-32,-832,-32,-832,96,-816,-32,-832,96,-816,112,-768,-512,-832,-512,-832,-476,-768,-512,-832,-476,-832,-432,-768,-512,-832,-432,-816,-432,-768,-512,-816,-432,-752,-512,-816,-432,-832,-432,-832,-412,-880,-352,-832,-412,-832,-432,-880,-352,-832,-432,-832,-476,-880,-352,-832,-476,-960,-476,-880,-352,-960,-476,-960,-448,-880,-352,-960,-448,-960,-416,-880,-352,-960,-416,-960,-320,-880,-352,-960,-320,-960,-252,-832,-476,-832,-512,-960,-512,-832,-476,-960,-512,-960,-476,-992,-192,-992,-144,-960,-96,-992,-192,-960,-96,-960,-128,-992,-192,-960,-128,-960,-252,-992,-192,-960,-252,-960,-320,-992,-192,-960,-320,-992,-320,-960,-320,-960,-416,-992,-368,-960,-320,-992,-368,-992,-320,-1024,-192,-1016,-192,-1016,-320,-1024,-192,-1016,-320,-1024,-320,-1016,-192,-1000,-192,-1000,-320,-1016,-192,-1000,-320,-1016,-320,-1000,-192,-992,-192,-992,-320,-1000,-192,-992,-320,-1000,-320]},{"name":"GA.MH","z":64,"tris":[-432,-240,-432,-256,-512,-256,-432,-240,-512,-256,-512,-240,-432,-256,-432,-368,-512,-368,-432,-256,-512,-368,-512,-256,-432,-368,-432,-384,-512,-384,-432,-368,-512,-384,-512,-368,-416,-384,-432,-384,-432,-368,-416,-384,-432,-368,-432,-256,-416,-384,-432,-256,-432,-240,-416,-384,-432,-240,-416,-240,-544,-272,-560,-272,-512,-240,-544,-272,-512,-240,-512,-256,-544,-352,-512,-368,-512,-384,-544,-352,-512,-384,-560,-352,-544,-352,-560,-352,-560,-272,-544,-352,-560,-272,-544,-272,-512,-368,-544,-352,-544,-272,-512,-368,-544,-272,-512,-256]},{"name":"RA","z":64,"tris":[-192,-64,-176,-64,-244,-200,-192,-64,-244,-200,-256,-192,-224,-304,-256,-320,-256,-208,-224,-304,-256,-208,-224,-224,-244,-200,-208,-224,-224,-224,-244,-200,-224,-224,-256,-208,-244,-200,-256,-208,-256,-192,-256,-208,-256,-320,-336,-320,-256,-208,-336,-320,-336,-208,-256,-192,-256,-208,-336,-208,-256,-192,-336,-208,-336,-192,-208,-304,-224,-304,-224,-224,-208,-304,-224,-224,-208,-224,-256,-320,-256,-336,-336,-336,-256,-320,-336,-336,-336,-320,-352,-192,-336,-192,-336,-208,-352,-192,-336,-208,-336,-320,-352,-192,-336,-320,-336,-336,-352,-192,-336,-336,-352,-336]},{"name":"RA.GL","z":64,"tris":[336,-336,336,-224,352,-224,336,-336,352,-224,352,-352,336,-336,352,-352,336,-352,240,-112,304,-112,336,-144,240,-112,336,-144,336,-192,240,-112,336,-192,336,-224,240,-112,336,-224,336,-336,240,-112,336,-336,240,-336,336,-336,336,-352,336,-384,336,-336,336,-384,256,-384,336,-336,256,-384,240,-376,336,-336,240,-376,240,-352,336,-336,240,-352,240,-336,112,-288,112,-176,176,-112,112,-288,176,-112,240,-112,112,-288,240,-112,240,-336,112,-288,240,-336,240,-352,112,-288,240,-352,192,-352,112,-288,192,-352,160,-352,112,-288,96,-288,96,-176,112,-288,96,-176,112,-176,192,-352,240,-352,240,-376]},{"name":"RA.SSG","z":-96,"tris":[0,-640,0,-544,32,-544,0,-640,32,-544,144,-544,0,-640,144,-544,144,-672,0,-640,144,-672,32,-672,0,-640,32,-672,0,-672,-32,-640,-192,-640,-256,-640,-32,-640,-256,-640,-256,-480,-32,-640,-256,-480,-256,-464,-32,-640,-256,-464,-256,-400,-32,-640,-256,-400,-80,-400,-32,-640,-80,-400,-32,-428.8,0,-512,0,-544,0,-640,0,-512,0,-640,-32,-640,0,-512,-32,-640,-32,-428.8,0,-512,-32,-428.8,0,-448,-32,-428.8,-80,-400,-106.66665,-384,-32,-428.8,-106.66665,-384,-80,-384,-32,-428.8,-80,-384,0,-432,-32,-428.8,0,-432,0,-448,-80,-400,-256,-400,-256,-384,-80,-400,-256,-384,-106.66665,-384,-192,-640,-32,-640,0,-640,-192,-640,0,-640,0,-672,-192,-640,0,-672,0,-704,-192,-640,0,-704,-112,-704,-256,-640,-272,-640,-272,-528,-256,-640,-272,-528,-272,-496,-256,-640,-272,-496,-256,-480,-272,-528,-288,-528,-288,-512,-272,-528,-288,-512,-272,-496,-288,-512,-288,-528,-370,-528,-288,-512,-370,-528,-384,-528,-288,-512,-384,-528,-384,-512,-288,-528,-272,-528,-272,-640,-288,-528,-272,-640,-370,-640,-288,-528,-370,-640,-370,-528]},{"name":"RA.below","z":-256,"tris":[32,-320,144,-320,160,-320,32,-320,160,-320,160,-352,32,-320,160,-352,64,-352,32,-320,32,-192,64,-160,32,-320,64,-160,144,-160,32,-320,144,-160,144,-192,32,-320,144,-192,144,-320,184,-320,184,-192,192,-192,184,-320,192,-192,192,-320,168,-320,168,-192,184,-192,168,-320,184,-192,184,-320,160,-320,144,-320,144,-192,160,-320,144,-192,160,-192,160,-320,160,-192,168,-192,160,-320,168,-192,168,-320,144,-160,160,-160,160,-192,144,-160,160,-192,144,-192,-64,-32,0,-32,0,-64,-64,-32,0,-64,-64,-64,0,-32,16,-32,32,-32,0,-32,32,-32,32,-64,0,-32,32,-64,0,-64,160,-32,160,-64,32,-64,160,-32,32,-64,32,-32,288,-64,160,-64,160,-32,288,-64,160,-32,160,64,288,-64,160,64,288,64,160,64,160,-32,32,-32,160,64,32,-32,16,-32,160,64,16,-32,16,0,160,64,16,0,112,64,-192,0,-64,0,-64,-32,-192,0,-64,-32,-64,-64,-192,0,-64,-64,-192,-64,-64,64,-64,0,-192,0,-64,64,-192,0,-192,64,-192,144,-208,160,-192,160,160,-64,160,-128,32,-128,160,-64,32,-128,32,-64,32,-64,32,-128,0,-160,32,-64,0,-160,0,-64,0,-352,32,-384,32,-428.8,0,-352,32,-428.8,0,-448,32,-384,106.66665,-384,32,-428.8,160,-128,160,-160,64,-160,160,-128,64,-160,32,-160,160,-128,32,-160,32,-128,64,-352,32,-352,32,-320,32,-192,32,-160,64,-160,64,-352,160,-352,106.66665,-384,64,-352,106.66665,-384,32,-384,64,-352,32,-384,32,-352,0,-160,32,-128,32,-160,0,-160,32,-160,32,-192,0,-160,32,-192,32,-320,0,-160,32,-320,32,-352,0,-160,32,-352,0,-352,32,-352,32,-384,0,-352,0,-64,0,-160,0,-288,0,-64,0,-288,-64,-288,0,-64,-64,-288,-64,-64,0,-288,0,-320,-64,-320,0,-288,-64,-320,-64,-288,-64,-64,-64,-288,-192,-288,-64,-64,-192,-288,-192,-64,-64,-288,-64,-320,-128,-320,-64,-288,-128,-320,-192,-320,-64,-288,-192,-320,-192,-288,-256,-288,-256,-192,-192,-64,-256,-288,-192,-64,-192,-288,-192,-320,-256,-320,-256,-288,-192,-320,-256,-288,-192,-288,-128,-512,-128,-320,-64,-320,-128,-512,-64,-320,0,-320,-128,-512,0,-320,0,-352,-128,-512,0,-352,0,-448,-128,-512,0,-448,0,-544,-128,-512,0,-544,-128,-544,-256,-384,-256,-320,-192,-320,-256,-384,-192,-320,-128,-320,-256,-384,-128,-320,-128,-512]},{"name":"RA.ledge","z":64,