{"map":"2bfree","version":1,"bounds":{"minX":-3842,"maxX":1536,"minY":-3840,"maxY":1540},"locs":[{"name":"","z":-32,"tris":[992,1440,928,1440,928,1504,992,1440,928,1504,992,1504,1504,1536,1536,1536,1536,1440,1504,1536,1536,1440,1504,1440,1504,1536,1536,1536,1536,1440,1504,1536,1536,1440,1504,1440,1376,1536,1504,1536,1504,1504,1376,1536,1504,1504,1376,1504,1152,1536,1376,1536,1376,1504,1152,1536,1376,1504,1152,1504,928,1536,1152,1536,1152,1504,928,1536,1152,1504,928,1504,928,1504,1504,1504,1504,1440,928,1504,1504,1440,928,1440,928,1536,1504,1536,1504,1440,928,1536,1504,1440,928,1440,1504,1540,1536,1540,1536,1536,1504,1540,1536,1536,1504,1536,1216,1504,1429.3114,1504,1429.3114,1440,1216,1504,1429.3114,1440,1216,1440,992,1504,1216,1504,1216,1440,992,1504,1216,1440,992,1440,1429.3114,1440,1429.3114,1504,1504,1504,1429.3114,1440,1504,1504,1504,1440,1440,1504,1504,1504,1504,1440,1440,1504,1504,1440,1440,1440,1216,1504,1440,1504,1440,1440,1216,1504,1440,1440,1216,1440,992,1504,1216,1504,1216,1440,992,1504,1216,1440,992,1440,1440,1540,1504,1540,1504,1536,1440,1540,1504,1536,1440,1536,1216,1540,1440,1540,1440,1536,1216,1540,1440,1536,1216,1536,992,1540,1216,1540,1216,1536,992,1540,1216,1536,992,1536,928,1440,928,1504,992,1504,928,1440,992,1504,992,1440,928,1540,992,1540,992,1536,928,1540,992,1536,928,1536,928,1504,992,1504,992,1440,928,1504,992,1440,928,1440,1429.3115,114.15083,1429.3115,320,1504,320,1429.3115,114.15083,1504,320,1504,114.15081,1429.3115,320,1429.3115,544,1504,544,1429.3115,320,1504,544,1504,320,1429.3115,544,1429.3115,768,1504,768,1429.3115,544,1504,768,1504,544,1429.3115,768,1429.3115,992,1504,992,1429.3115,768,1504,992,1504,768,1429.3115,992,1429.3115,1216,1504,1216,1429.3115,992,1504,1216,1504,992,1429.3115,1216,1429.3114,1440,1504,1440,1429.3115,1216,1504,1440,1504,1216,1429.3114,1434.6045,1376,1434.6045,1376,1440,1429.3114,1434.6045,1376,1440,1429.3114,1440,1376,1434.6045,1152,1434.6045,1152,1440,1376,1434.6045,1152,1440,1376,1440,1152,1434.6045,928,1434.6045,928,1440,1152,1434.6045,928,1440,1152,1440,1504,32,1376,32,1376,114.15039,1504,32,1376,114.15039,1504,114.15081,1376,32,1152,32,1152,114.15039,1376,32,1152,114.15039,1376,114.15039,1152,32,928,32,928,114.15039,1152,32,928,114.15039,1152,114.15039,1504,1440,1504,32,928,32,1504,1440,928,32,928,1440,1536,96,1536,32,1504,32,1536,96,1504,32,1504,96,1536,320,1536,96,1504,96,1536,320,1504,96,1504,320,1536,544,1536,320,1504,320,1536,544,1504,320,1504,544,1536,768,1536,544,1504,544,1536,768,1504,544,1504,768,1536,992,1536,768,1504,768,1536,992,1504,768,1504,992,1536,1216,1536,992,1504,992,1536,1216,1504,992,1504,1216,1536,1440,1536,1216,1504,1216,1536,1440,1504,1216,1504,1440,1536,1440,1536,32,928,32,1536,1440,928,32,928,1440,1504,96,1504,32,1376,32,1504,96,1376,32,1376,96,1504,320,1504,96,1376,96,1504,320,1376,96,1376,320,1504,544,1504,320,1376,320,1504,544,1376,320,1376,544,1504,768,1504,544,1376,544,1504,768,1376,544,1376,768,1504,992,1504,768,1376,768,1504,992,1376,768,1376,992,1504,1216,1504,992,1376,992,1504,1216,1376,992,1376,1216,1504,1440,1504,1216,1376,1216,1504,1440,1376,1216,1376,1440,1376,32,1152,32,1152,96,1376,32,1152,96,1376,96,1152,96,1152,320,1376,320,1152,96,1376,320,1376,96,1152,320,1152,544,1376,544,1152,320,1376,544,1376,320,1152,544,1152,768,1376,768,1152,544,1376,768,1376,544,1152,768,1152,992,1376,992,1152,768,1376,992,1376,768,1152,992,1152,1216,1376,1216,1152,992,1376,1216,1376,992,1152,1216,1152,1440,1376,1440,1152,1216,1376,1440,1376,1216,1152,32,928,32,928,96,1152,32,928,96,1152,96,928,96,928,320,1152,320,928,96,1152,320,1152,96,928,320,928,544,1152,544,928,320,1152,544,1152,320,928,544,928,768,1152,768,928,544,1152,768,1152,544,928,768,928,992,1152,992,928,768,1152,992,1152,768,928,992,928,1216,1152,1216,928,992,1152,1216,1152,992,928,1216,928,1440,1152,1440,928,1216,1152,1440,1152,1216,928,1399.5713,1391.5828,1399.5713,1391.5828,155.06157,928,1399.5713,1391.5828,155.06157,928,155.06197,1391.5828,1399.5713,1376,1399.571,1376,1434.6045,1391.5828,1399.5713,1376,1434.6045,1429.3114,1434.6045,1376,1399.571,1152,1399.5713,1152,1434.6045,1376,1399.571,1152,1434.6045,1376,1434.6045,1152,1399.5713,928,1399.5713,928,1434.6045,1152,1399.5713,928,1434.6045,1152,1434.6045,1429.3115,114.15083,1376,114.15039,1376,155.06194,1429.3115,114.15083,1376,155.06194,1391.5828,155.06157,1376,114.15039,1152,114.15039,1152,155.06195,1376,114.15039,1152,155.06195,1376,155.06194,1152,114.15039,928,114.15039,928,155.06197,1152,114.15039,928,155.06197,1152,155.06195,1391.5828,155.06157,1391.5824,314.6045,1429.311,314.6045,1391.5828,155.06157,1429.311,314.6045,1429.3115,114.15083,1391.5824,314.6045,1391.5824,538.6045,1429.311,538.6045,1391.5824,314.6045,1429.311,538.6045,1429.311,314.6045,1391.5824,538.6045,1391.5824,762.6045,1429.311,762.6045,1391.5824,538.6045,1429.311,762.6045,1429.311,538.6045,1391.5824,762.6045,1391.5824,986.6045,1429.311,986.6045,1391.5824,762.6045,1429.311,986.6045,1429.311,762.6045,1391.5824,986.6045,1391.5824,1210.6045,1429.311,1210.6045,1391.5824,986.6045,1429.311,1210.6045,1429.311,986.6045,1391.5824,1210.6045,1391.5828,1399.5713,1429.3114,1434.6045,1391.5824,1210.6045,1429.3114,1434.6045,1429.311,1210.6045,1248,16,1248,32,1376,32,1248,16,1376,32,1376,16,1376,0,1248,0,1248,16,1376,0,1248,16,1376,16,1504,0,1376,0,1376,32,1504,0,1376,32,1504,32,1152,32,1248,32,1248,0,1152,32,1248,0,1152,0,928,32,1152,32,1152,0,928,32,1152,0,928,0,1536,32,1536,0,1504,0,1536,32,1504,0,1504,32,1536,32,1536,0,928,0,1536,32,928,0,928,32,1376,0,1536,0,1536,-8,1376,0,1536,-8,1376,-8,1152,0,1376,0,1376,-8,1152,0,1376,-8,1152,-8,928,0,1152,0,1152,-8,928,0,1152,-8,928,-8,0,1536,32,1536,32,1504,0,1536,32,1504,0,1504,704,1536,928,1536,928,1504,704,1536,928,1504,704,1504,480,1536,704,1536,704,1504,480,1536,704,1504,480,1504,256,1536,480,1536,480,1504,256,1536,480,1504,256,1504,32,1504,32,1536,256,1536,32,1504,256,1536,256,1504,0,1536,928,1536,928,1504,0,1536,928,1504,0,1504,896,1540,928,1540,928,1536,896,1540,928,1536,896,1536,672,1540,896,1540,896,1536,672,1540,896,1536,672,1536,448,1540,672,1540,672,1536,448,1540,672,1536,448,1536,224,1540,448,1540,448,1536,224,1540,448,1536,224,1536,0,1536,0,1540,224,1540,0,1536,224,1540,224,1536,928,32,778.473,32,778.473,114.15039,928,32,778.473,114.15039,928,114.15039,778.473,32,554.473,32,554.473,114.15039,778.473,32,554.473,114.15039,778.473,114.15039,554.473,32,330.47305,32,330.47305,114.15039,554.473,32,330.47305,114.15039,554.473,114.15039,330.47305,32,106.47306,32,106.47308,114.15039,330.47305,32,106.47308,114.15039,330.47305,114.15039,928,1434.6045,778.4731,1434.6045,778.4731,1504,928,1434.6045,778.4731,1504,928,1504,778.4731,1434.6045,554.4731,1434.6045,554.4731,1504,778.4731,1434.6045,554.4731,1504,778.4731,1504,554.4731,1434.6045,330.47308,1434.6045,330.47308,1504,554.4731,1434.6045,330.47308,1504,554.4731,1504,330.47308,1434.6045,106.47312,1434.6045,106.47308,1504,330.47308,1434.6045,106.47308,1504,330.47308,1504,106.4729,160,106.47306,32,32,32,106.4729,160,32,32,32,160,106.47289,384,106.4729,160,32,160,106.47289,384,32,160,32,384,106.472885,608,106.47289,384,32,384,106.472885,608,32,384,32,608,106.47288,832,106.472885,608,32,608,106.47288,832,32,608,32,832,106.47287,1056,106.47288,832,32,832,106.47287,1056,32,832,32,1056,106.47286,1280,106.47287,1056,32,1056,106.47286,1280,32,1056,32,1280,32,1504,106.47308,1504,106.47286,1280,32,1504,106.47286,1280,32,1280,32,32,32,1504,928,1504,32,32,928,1504,928,32,928,1504,928,32,32,32,928,1504,32,32,32,1504,928,160,928,32,704,32,928,160,704,32,704,160,928,384,928,160,704,160,928,384,704,160,704,384,928,608,928,384,704,384,928,608,704,384,704,608,928,832,928,608,704,608,928,832,704,608,704,832,928,1056,928,832,704,832,928,1056,704,832,704,1056,928,1280,928,1056,704,1056,928,1280,704,1056,704,1280,704,1504,928,1504,928,1280,704,1504,928,1280,704,1280,704,160,704,32,480,32,704,160,480,32,480,160,704,384,704,160,480,160,704,384,480,160,480,384,704,608,704,384,480,384,704,608,480,384,480,608,704,832,704,608,