{"map":"blessed","version":1,"bounds":{"minX":-192,"maxX":1184,"minY":-968,"maxY":328},"locs":[{"name":"MH","z":-208,"tris":[832,-480,736,-480,704,-480,832,-480,704,-480,672,-480,832,-480,672,-480,640,-468,832,-480,640,-468,620,-448,832,-480,620,-448,608,-416,832,-480,608,-416,608,-320,832,-480,608,-320,765.3333,-320,832,-480,765.3333,-320,832,-320,840,-320,1024,-320,1024,-384,840,-320,1024,-384,1024,-480,840,-320,1024,-480,960,-480,840,-320,960,-480,896,-480,840,-320,896,-480,864,-480,840,-320,864,-480,832,-480,840,-320,832,-480,832,-320,1024,-384,1088,-384,1088,-416,1024,-384,1088,-416,1076,-448,1024,-384,1076,-448,1056,-468,1024,-384,1056,-468,1024,-480,640,-316,762.6667,-316,765.3333,-320,640,-316,765.3333,-320,608,-320,640,-316,608,-320,608,-316,664,-224,684,-224,704,-228,664,-224,704,-228,712,-240,664,-224,712,-240,762.6667,-316,664,-224,762.6667,-316,640,-316,664,-224,640,-316,640,-308.5,664,-224,640,-308.5,640,-288,664,-224,640,-288,644,-256,664,-224,644,-256,652,-236,837.2174,-116.86957,840,-128,840,-130.66667,837.2174,-116.86957,840,-130.66667,784,-112,837.2174,-116.86957,784,-112,760,-104,840,-130.66667,840,-149.33334,808,-128,840,-130.66667,808,-128,784,-112,808,-128,840,-149.33334,840,-160,808,-128,840,-160,840,-320,808,-128,840,-320,832,-320,808,-128,832,-320,765.3333,-320,808,-128,765.3333,-320,762.6667,-316,808,-128,762.6667,-316,712,-240,800,-96,832,-96,837.2174,-116.86957,800,-96,837.2174,-116.86957,760,-104,800,-96,760,-104,712,-96,864,-160,896,-160,960,-160,864,-160,960,-160,1024,-160,864,-160,1024,-160,1024,-256,864,-160,1024,-256,1024,-320,864,-160,1024,-320,840,-320,864,-160,840,-320,840,-160,840,-160,840,-149.33334,840,-130.66667,840,-160,840,-130.66667,840,-128,840,-160,840,-128,864,-152,840,-160,864,-152,864,-160,896,-160,864,-160,864,-152,1024,-320,1024,-256,1088,-256,1024,-320,1088,-256,1100,-256,1024,-320,1100,-256,1104,-256,1024,-320,1104,-256,1136,-256,1024,-320,1136,-256,1136,-341.3333,1024,-320,1136,-341.3333,1136,-384,1024,-320,1136,-384,1088,-384,1024,-320,1088,-384,1024,-384,1136,-341.3333,1136,-256,1140,-256,1136,-341.3333,1140,-256,1152,-256,1136,-341.3333,1152,-256,1152,-268,1136,-341.3333,1152,-268,1152,-384,1136,-341.3333,1152,-384,1136,-384,1024,-160,1056,-172,1076,-192,1024,-160,1076,-192,1088,-224,1024,-160,1088,-224,1088,-256,1024,-160,1088,-256,1024,-256,768,-96,768,-88,800,-88,768,-96,800,-88,800,-96,664,-96,712,-96,684,-224,664,-96,684,-224,664,-224,684,-224,712,-96,760,-104,684,-224,760,-104,704,-228,808,-128,712,-240,704,-228,808,-128,704,-228,760,-104,808,-128,760,-104,784,-112,512,-256,512,-160,652,-236,512,-256,652,-236,644,-256,664,-224,652,-236,512,-160,664,-224,512,-160,524,-128,664,-224,524,-128,544,-108,664,-224,544,-108,576,-96,664,-224,576,-96,664,-96,640,-320,512,-320,512,-288,640,-320,512,-288,640,-288,644,-256,640,-288,512,-288,644,-256,512,-288,512,-256,480,-384,480,-376,496,-380,480,-384,496,-380,496,-480,480,-384,496,-480,496,-512,480,-384,496,-512,480,-512,652,-448,640,-436,640,-416,640,-436,652,-448,672,-468,640,-436,672,-468,672,-480,640,-436,672,-480,640,-480,672,-468,704,-480,672,-480,640,-352,512,-352,512,-320,640,-352,512,-320,640,-320,512,-480,512,-352,640,-352,512,-480,640,-352,640,-384,512,-480,640,-384,640,-416,512,-480,640,-416,640,-436,512,-480,640,-436,640,-480,512,-480,640,-480,640,-512,512,-480,640,-512,512,-512,504,-336,512,-336,512,-352,504,-336,512,-352,512,-368,504,-336,512,-368,504,-368,480,-336,488,-336,488,-368,480,-336,488,-368,480,-368]},{"name":"RA","z":-128,"tris":[192,-64,320,-64,320,-96,192,-64,320,-96,192,-96,506.6667,-288,512,-288,512,-320,352,-168,416,-184,448,-192,352,-168,448,-192,352,-192,360,-128,384,-128,392,-160,352,-128,360,-128,392,-160,352,-128,392,-160,416,-184,352,-128,416,-184,352,-168,448,-192,480,-192,480,-320,448,-192,480,-320,352,-320,448,-192,352,-320,352,-192,480,-320,480,-336,480,-368,480,-320,480,-368,480,-384,480,-320,480,-384,352,-384,480,-320,352,-384,352,-320,480,-384,480,-416,464,-464,480,-384,464,-464,432,-496,480,-384,432,-496,384,-512,480,-384,384,-512,352,-512,480,-384,352,-512,352,-384,320,-96,320,-128,192,-128,320,-96,192,-128,192,-96,64,-192,128,-192,128,-320,64,-192,128,-320,64,-320,64,-192,64,-320,0,-320,64,-192,0,-320,-80,-320,64,-192,-80,-320,-80,-208,64,-192,-80,-208,-32,-192,128,-128,128,-152,120,-160,128,-176,96,-184,120,-160,128,-176,120,-160,128,-152,64,-192,96,-184,128,-176,64,-192,128,-176,128,-192,128,-192,128,-176,128,-152,128,-192,128,-152,128,-128,128,-192,128,-128,160,-128,128,-192,160,-128,160,-192,128,-192,160,-192,160,-320,128,-192,160,-320,128,-320,352,-320,288,-320,160,-320,352,-320,160,-320,160,-192,352,-320,160,-192,352,-192,192,-128,320,-128,352,-128,192,-128,352,-128,352,-168,160,-128,192,-128,352,-168,160,-128,352,-168,352,-192,160,-128,352,-192,160,-192,288,-384,224,-384,64,-384,288,-384,64,-384,64,-320,288,-384,64,-320,128,-320,288,-384,128,-320,160,-320,288,-384,160,-320,288,-320,352,-384,288,-384,288,-320,352,-384,288,-320,352,-320,0,-384,0,-320,64,-320,0,-384,64,-320,64,-384,224,-512,64,-512,0,-512,224,-512,0,-512,0,-416,224,-512,0,-416,0,-384,224,-512,0,-384,64,-384,224,-512,64,-384,224,-384,352,-512,320,-512,288,-512,352,-512,288,-512,224,-512,352,-512,224,-512,224,-384,352,-512,224,-384,288,-384,352,-512,288,-384,352,-384,0,-512,-32,-512,-51.19998,-505.6,0,-512,-51.19998,-505.6,-80,-448,0,-512,-80,-448,-80,-416,0,-512,-80,-416,0,-416,0,-320,0,-384,0,-416,0,-320,0,-416,-80,-416,0,-320,-80,-416,-80,-320,320,-512,288,-520,296,-512,-51.19998,-505.6,-80,-496,-80,-448,-80,-416,-128,-416,-128,-320,-80,-416,-128,-320,-80,-320,-80,-448,-80,-496,-112,-464,-80,-448,-112,-464,-128,-416,-80,-448,-128,-416,-80,-416,-80,-320,-128,-320,-128,-288,-80,-320,-128,-288,-112,-240,-80,-320,-112,-240,-80,-208,-176,-320,-176,-288,-128,-288,-176,-320,-128,-288,-128,-320,-128,-416,-176,-416,-176,-320,-128,-416,-176,-320,-128,-320,-192,-288,-176,-288,-176,-320,-192,-288,-176,-320,-176,-416,-192,-288,-176,-416,-192,-416]},{"name":"SSG","z":0,"tris":[256,-944,240,-944,240,-912,256,-944,240,-912,256,-912,240,-912,208,-912,128,-912,240,-912,128,-912,128,-896,240,-912,128,-896,256,-896,240,-912,256,-896,256,-912,208,-944,128,-944,128,-912,208,-944,128,-912,208,-912,240,-944,208,-944,208,-912,240,-944,208,-912,240,-912,240,-944,208,-944,208,-912,240,-944,208,-912,240,-912,128,-960,128,-944,208,-944,128,-960,208,-944,240,-944,128,-960,240,-944,256,-944,128,-960,256,-944,256,-960]},{"name":"YA","z":64,"tris":[896,-32,928,-44,948,-64,896,-32,948,-64,832,-64,896,-32,832,-64,832,-32,948,-64,960,-96,853.3334,-96,948,-64,853.3334,-96,832,-96,948,-64,832,-96,832,-64,960,-96,960,-136,853.3334,-96,960,-136,960,-160,896,-160,960,-136,896,-160,864,-152,960,-136,864,-152,840,-128,960,-136,840,-128,832,-96,960,-136,832,-96,853.3334,-96]},{"name":"YA.tele","z":128,