{"map":"dm3ra","version":1,"bounds":{"minX":-712,"maxX":656,"minY":-904,"maxY":688},"locs":[{"name":"","z":32,"tris":[568,688,568,544,448,544,568,688,448,544,384,544,568,688,384,544,384,688,568,544,568,448,568,352,568,544,568,352,512,352,568,544,512,352,448,352,568,544,448,352,448,368,568,544,448,368,448,448,568,544,448,448,448,544,448,544,448,448,432,448,448,544,432,448,384,460.6,448,544,384,460.6,384,461,448,544,384,461,384,544,352,469,384,461,384,460.6,-224,-749.7143,-224,-553.1429,-192,-553.1429,-224,-749.7143,-192,-553.1429,-192,-749.7143,-224,-749.7143,-192,-749.7143,-192,-777.1429,-224,-749.7143,-192,-777.1429,-224,-777.1429,-192,-777.1429,-192,-854.8571,-224,-854.8571,-192,-777.1429,-224,-854.8571,-224,-777.1429,-64,-749.7143,-64,-553.1429,-32,-553.1429,-64,-749.7143,-32,-553.1429,-32,-749.7143,-64,-749.7143,-32,-749.7143,-32,-777.1429,-64,-749.7143,-32,-777.1429,-64,-777.1429,-32,-777.1429,-32,-854.8571,-64,-854.8571,-32,-777.1429,-64,-854.8571,-64,-777.1429,96,-749.7143,96,-553.1429,128,-553.1429,96,-749.7143,128,-553.1429,128,-749.7143,96,-749.7143,128,-749.7143,128,-777.1429,96,-749.7143,128,-777.1429,96,-777.1429,128,-777.1429,128,-854.8571,96,-854.8571,128,-777.1429,96,-854.8571,96,-777.1429,256,-749.7143,256,-553.1429,288,-553.1429,256,-749.7143,288,-553.1429,288,-749.7143,256,-749.7143,288,-749.7143,288,-777.1429,256,-749.7143,288,-777.1429,256,-777.1429,288,-777.1429,288,-854.8571,256,-854.8571,288,-777.1429,256,-854.8571,256,-777.1429,320,32,320,224,320,256,320,32,320,256,544,256,320,32,544,256,544,32,544,0,336,0,320,0,544,0,320,0,320,32,544,0,320,32,544,32,640,256,640,160,640,32,640,256,640,32,544,32,640,256,544,32,544,256,640,32,640,0,560,0,640,32,560,0,544,0,640,32,544,0,544,32,560,-64,544,-64,336,-64,560,-64,336,-64,336,0,560,-64,336,0,544,0,560,-64,544,0,560,0,640,0,640,-64,560,-64,640,0,560,-64,560,0,320,-96,320,-64,336,-64,320,-96,336,-64,544,-64,320,-96,544,-64,544,-288,320,-96,544,-288,320,-288,544,-288,544,-320,320,-320,544,-288,320,-320,320,-288,544,-64,560,-64,640,-64,544,-64,640,-64,640,-224,544,-64,640,-224,640,-288,544,-64,640,-288,544,-288,640,-288,640,-320,544,-320,640,-288,544,-320,544,-288,640,160,640,192,656,192,640,160,656,192,656,-32,640,160,656,-32,640,-32,656,-32,656,-256,640,-256,656,-32,640,-256,640,-224,656,-32,640,-224,640,-64,656,-32,640,-64,640,-32,512,160,512,176,512,192,512,160,512,192,640,192,512,160,640,192,640,160,512,176,512,160,480,160,512,192,512,176,480,160,512,192,480,160,394.66666,117.333336,512,192,394.66666,117.333336,384,112,512,192,384,112,384,128,336,192,512,192,384,128,336,192,384,128,336,128,336,32,384,128,384,112,336,32,384,112,384,96,336,32,384,96,336,0,336,32,336,0,320,0,336,0,384,96,394.66666,117.333336,336,0,394.66666,117.333336,480,160,336,0,480,160,512,160,336,0,512,160,640,160,336,0,640,160,640,-32,336,0,640,-32,640,-64,336,0,640,-64,512,-64,336,0,512,-64,336,-64,384,128,336,32,336,128,394.66666,117.333336,384,96,384,112,320,192,336,192,336,128,320,192,336,128,336,32,320,192,336,32,320,0,320,0,336,0,336,-64,320,0,336,-64,320,-64,512,-64,640,-64,640,-224,512,-64,640,-224,560,-224,512,-64,560,-224,512,-224,512,-256,512,-240,512,-224,512,-256,512,-224,560,-224,512,-256,560,-224,640,-224,512,-256,640,-224,640,-256,384,-192,320,-64,336,-64,384,-192,336,-64,394.66666,-181.33333,384,-192,394.66666,-181.33333,400,-192,400,-192,416,-192,512,-240,400,-192,512,-240,512,-256,400,-192,512,-256,384,-192,320,-64,384,-192,320,-192,336,-64,512,-64,512,-224,336,-64,512,-224,512,-240,336,-64,512,-240,416,-192,336,-64,416,-192,394.66666,-181.33333,394.66666,-181.33333,416,-192,400,-192,320,-192,384,-192,512,-256,320,-192,512,-256,320,-256,512,352,568,352,568,224,512,352,568,224,512,224,336,352,432,352,448,352,336,352,448,352,512,352,336,352,512,352,512,224,336,352,512,224,512,192,336,352,512,192,384,128,336,352,384,128,336,128,512,192,512,176,416,128,512,192,416,128,400,128,512,192,400,128,384,128,384,128,336,32,336,128,416,128,394.66666,117.333336,400,128,336,32,384,128,400,128,336,32,400,128,394.66666,117.333336,336,32,394.66666,117.333336,336,0,336,32,336,0,320,0,128,288,192,352,336,352,128,288,336,352,336,128,128,288,336,128,128,128,336,128,336,32,320,0,336,128,320,0,288,0,336,128,288,0,128,0,336,128,128,0,128,64,336,128,128,64,128,128,128,-64,128,0,288,0,128,-64,288,0,288,-64,304,-192,304,-288,256,-288,304,-192,256,-288,192,-288,304,-192,192,-288,128,-288,304,-192,128,-288,128,-160,304,-192,128,-160,128,-64,304,-192,128,-64,288,-64,304,-192,288,-64,304,-64,512,-256,512,-288,480,-288,512,-256,480,-288,304,-288,512,-256,304,-288,304,-192,512,-256,304,-192,384,-192,384,-176,394.66666,-181.33333,512,-240,384,-176,512,-240,512,-256,384,-176,512,-256,384,-192,384,-176,384,-160,394.66666,-181.33333,384,-176,384,-192,320,-64,384,-176,320,-64,336,-64,384,-176,336,-64,384,-160,304,-64,320,-64,384,-192,304,-64,384,-192,304,-192,192,-352,192,-288,256,-288,192,-352,256,-288,256,-352,480,-352,416,-352,256,-352,480,-352,256,-352,256,-288,480,-352,256,-288,304,-288,480,-352,304,-288,480,-288,512,-288,560,-288,560,-352,512,-288,560,-352,480,-352,512,-288,480,-352,480,-288,416,-416,192,-416,192,-352,416,-416,192,-352,256,-352,416,-416,256,-352,416,-352,480,-352,560,-352,560,-416,480,-352,560,-416,528,-416,480,-352,528,-416,512,-416,480,-352,512,-416,448,-416,480,-352,448,-416,432,-416,480,-352,432,-416,416,-416,480,-352,416,-416,416,-352,192,-352,192,-416,128,-352,192,-352,128,-352,128,-288,192,-352,128,-288,192,-288,448,-432,448,-416,512,-416,448,-432,512,-416,512,-432,448,-432,512,-432,512,-480,448,-432,512,-480,448,-480,-224,-320,-224,-288,-128,-288,-224,-320,-128,-288,-128,-320,-224,-352,-224,-320,-128,-320,-224,-352,-128,-320,-128,-352,-224,-384,-224,-352,-128,-352,-224,-384,-128,-352,-128,-384,0,-480,0,-384,96,-384,0,-480,96,-384,96,-480,-32,-480,-32,-384,0,-384,-32,-480,0,-384,0,-480,-64,-480,-64,-384,-32,-384,-64,-480,-32,-384,-32,-480,-96,-480,-96,-384,-64,-384,-96,-480,-64,-384,-64,-480,-128,-480,-128,-384,-112,-384,-128,-480,-112,-384,-96,-384,-128,-480,-96,-384,-96,-480,-224,-480,-224,-384,-128,-384,-224,-480,-128,-384,-128,-480,512,-480,512,-704,448,-704,512,-480,448,-704,448,-608,512,-480,448,-608,448,-576,512,-480,448,-576,448,-512,512,-480,448,-512,448,-480,512,-704,512,-896,448,-896,512,-704,448,-896,448,-832,512,-704,448,-832,448,-704,72,-512,0,-512,0,-480,72,-512,0,-480,96,-480,72,-512,96,-480,96,-512,-376,-608,-376,-616,-384,-608,-376,-608,-384,-608,-384,-512,-376,-608,-384,-512,-376,-512,-368,-784,-256,-784,-256,-896,-368,-784,-256,-896,-288,-896,-368,-784,-288,-896,-320,-896,-368,-784,-320,-896,-384,-896,-368,-784,-384,-896,-384,-800,-368,-752,-256,-752,-256,-784,-368,-752,-256,-784,-368,-784,-368,-656,-256,-656,-256,-672,-368,-656,-256,-672,-256,-752,-368,-656,-256,-752,-368,-752,-368,-656,-368,-752,-384,-752,-368,-656,-384,-752,-384,-656,-376,-608,-368,-608,-368,-624,-376,-608,-368,-624,-376,-616,-368,-624,-368,-608,-256,-608,-368,-624,-256,-608,-256,-656,-368,-624,-256,-656,-368,-656,-224,-672,-224,-608,-152,-608,-224,-672,-152,-608,-32,-608,-224,-672,-32,-608,-32,-688,-224,-672,-32,-688,-32,-736,-224,-672,-32,-736,-32,-832,-224,-672,-32,-832,-224,-832,-32,-832,-32,-896,-224,-896,-32,-832,-224,-896,-224,-832,-32,-832,0,-832,0,-896,-32,-832,0,-896,-32,-896,-32,-688,112,-688,192,-688,-32,-688,192,-688,192,-736,-32,-688,192,-736,-32,-736,192,-688,224,-688,224,-720,192,-688,224,-720,224,-736,192,-688,224,-736,192,-736,-152,-608,-224,-608,-256,-608,-152,-608,-256,-608,-368,-608,-152,-608,-368,-608,-376,-608,-152,-608,-376,-608,-376,-512,-152,-608,-376,-512,-256,-512,-152,-608,-256,-512,-152,-512,72,-608,-32,-608,-152,-608,72,-608,-152,-608,-152,-512,72,-608,-152,-512,-32,-512,72,-608,-32,-512,0,-512,72,-608,0,-512,72,-512,96,-512,112,-512,112,-576,96,-512,112,-576,112,-608,96,-512,112,-608,72,-608,96,-512,72,-608,72,-512,-32,-608,72,-608,112,-608,-32,-608,112,-608,112,-688,-32,-608,112,-688,-32,-688,112,-608,112,-576,128,-576,112,-608,128,-576,224,-576,112,-608,224,-576,224,-672,112,-608,