{"map":"dmm4_2","version":1,"bounds":{"minX":-768,"maxX":704,"minY":-448,"maxY":256},"locs":[{"name":"","z":-77.487434,"tris":[512,64,704,64,704,-160,512,64,704,-160,512,-160,480,-160,480,-32,512,-32,480,-160,512,-32,512,-160,480,224,480,-224,-480,-224,480,224,-480,-224,-480,224,480,256,480,224,416,224,480,256,416,224,416,256,416,224,192,224,192,256,416,224,192,256,416,256,192,224,-32,224,-32,256,192,224,-32,256,192,256,-32,224,-256,224,-256,256,-32,224,-256,256,-32,256,-256,224,-480,224,-480,256,-256,224,-480,256,-256,256,480,224,480,128,416,128,480,224,416,128,416,224,416,128,192,128,192,224,416,128,192,224,416,224,192,128,-32,128,-32,224,192,128,-32,224,192,224,-32,128,-256,128,-256,224,-32,128,-256,224,-32,224,-256,128,-480,128,-480,224,-256,128,-480,224,-256,224,384,-128,480,-128,480,-224,384,-128,480,-224,384,-224,384,128,480,128,480,89.31135,384,128,480,89.31135,384,89.31135,480,89.31135,480,-128,384,-128,480,89.31135,384,-128,384,89.31135,384,-64,384,-224,288,-224,384,-64,288,-224,288,-64,288,-224,64,-224,64,-64,288,-224,64,-64,288,-64,64,-224,-160,-224,-160,-64,64,-224,-160,-64,64,-64,-160,-224,-384,-224,-384,-64,-160,-224,-384,-64,-160,-64,384,128,384,-64,320,-64,384,128,320,-64,320,128,320,-64,96,-64,96,128,320,-64,96,128,320,128,96,-64,-128,-64,-128,128,96,-64,-128,128,96,128,-128,128,-128,-64,-160,-64,-128,128,-160,-64,-160,128,-160,-64,-384,-64,-384,128,-160,-64,-384,128,-160,128,-480,-160,-384,-160,-384,-224,-480,-160,-384,-224,-480,-224,-480,128,-384,128,-384,44.693447,-480,128,-384,44.693447,-480,44.693447,-384,44.693447,-384,-160,-480,-160,-384,44.693447,-480,-160,-480,44.693447,-128,-224,64,-224,64,-256,-128,-224,64,-256,-128,-256,288,-256,288,-448,96,-448,288,-256,96,-448,96,-256,96,-448,-128,-448,-128,-256,96,-448,-128,-256,96,-256,-128,-448,-352,-448,-352,-256,-128,-448,-352,-256,-128,-256,-512,192,-480,192,-480,64,-512,192,-480,64,-512,64,-544,192,-512,192,-512,160,-544,192,-512,160,-544,160,-512,160,-512,-64,-544,-64,-512,160,-544,-64,-544,160,-768,192,-544,192,-544,160,-768,192,-544,160,-768,160,-544,160,-544,-64,-768,-64,-544,160,-768,-64,-768,160]}]}