{"map":"dmm4_7","version":1,"bounds":{"minX":-240,"maxX":496,"minY":-496,"maxY":-16},"locs":[{"name":"","z":32,"tris":[-240,-320,-224,-320,-32,-320,-240,-320,-32,-320,-32,-480,-240,-320,-32,-480,-32,-496,-240,-320,-32,-496,-240,-496,-32,-480,-13.254708,-480,-29.254702,-496,-32,-480,-29.254702,-496,-32,-496,-224,-320,-240,-320,-240,-317.2547,-224,-320,-240,-317.2547,-224,-301.2547,-240,-256,-224,-256,-224,-274.74518,-240,-256,-224,-274.74518,-240,-258.74518,-240,-34.74518,-240,-16,-32,-16,-240,-34.74518,-32,-16,-32,-32,-240,-34.74518,-32,-32,-32,-192,-240,-34.74518,-32,-192,-32,-256,-240,-34.74518,-32,-256,-224,-256,-240,-34.74518,-224,-256,-240,-256,0,-210.74533,0,-237.25484,0,-256,0,-210.74533,0,-256,-32,-256,0,-210.74533,-32,-256,-32,-192,0,-210.74533,-32,-192,0,-192,64,-256,45.254692,-256,64,-237.2547,18.745174,-256,0,-256,0,-237.25484,45.255005,-192,64,-192,64,-210.74501,0,-210.74533,0,-192,18.745323,-192,-32,-16,-29.254852,-16,-13.254845,-32,-32,-16,-13.254845,-32,-32,-32,192,-192,64,-192,45.255005,-192,192,-192,45.255005,-192,18.745323,-192,192,-192,18.745323,-192,0,-192,192,-192,0,-192,-32,-192,192,-192,-32,-192,-32,-32,192,-192,-32,-32,-13.254845,-32,192,-192,-13.254845,-32,13.254775,-32,192,-192,13.254775,-32,192,-32,224,-128,224,-192,192,-192,224,-128,192,-192,192,-32,224,-128,192,-32,224,-32,416,-480,496,-480,496,-496,416,-480,496,-496,317.2548,-496,416,-480,317.2548,-496,301.2548,-480,237.25467,-496,29.25467,-496,13.254669,-480,237.25467,-496,13.254669,-480,192,-480,237.25467,-496,192,-480,237.25467,-480,274.7453,-480,258.7453,-496,237.25467,-496,274.7453,-480,237.25467,-496,237.25467,-480,192,-480,13.254669,-480,-13.254708,-480,192,-480,-13.254708,-480,-32,-480,192,-480,-32,-480,-32,-320,192,-480,-32,-320,0,-320,192,-480,0,-320,192,-320,416,-480,301.2548,-480,274.7453,-480,416,-480,274.7453,-480,237.25467,-480,416,-480,237.25467,-480,192,-480,416,-480,192,-480,192,-320,416,-480,192,-320,224,-320,416,-480,224,-320,416,-320,448,-320,480,-320,496,-320,448,-320,496,-320,496,-480,448,-320,496,-480,416,-480,448,-320,416,-480,416,-320,256,-165.49034,256,-128,293.49036,-128,384,-218.5097,384,-165.49039,384,-128,384,-218.5097,384,-128,448,-128,384,-218.5097,448,-128,496,-128,384,-218.5097,496,-128,496,-240,384,-218.5097,496,-240,496,-256,384,-218.5097,496,-256,480,-256,384,-218.5097,480,-256,448,-256,384,-218.5097,448,-256,384,-256,293.49036,-256,256,-256,256,-218.50964,192,-192,224,-192,256,-192,192,-192,256,-192,256,-218.50964,192,-192,256,-218.50964,256,-256,192,-192,256,-256,224,-256,192,-192,224,-256,64,-256,192,-192,64,-256,64,-237.2547,192,-192,64,-237.2547,64,-210.74501,192,-192,64,-210.74501,64,-192,480,-274.74524,480,-256,496,-256,480,-274.74524,496,-256,496,-258.74524,496,-320,480,-320,480,-301.25473,496,-320,480,-301.25473,496,-317.25473,0,-320,-32,-320,-224,-320,0,-320,-224,-320,-224,-301.2547,0,-320,-224,-301.2547,-224,-274.74518,0,-320,-224,-274.74518,-224,-256,0,-320,-224,-256,-32,-256,0,-320,-32,-256,0,-256,224,-320,192,-320,0,-320,224,-320,0,-320,0,-256,224,-320,0,-256,18.745174,-256,224,-320,18.745174,-256,45.254692,-256,224,-320,45.254692,-256,64,-256,224,-320,64,-256,224,-256,448,-320,416,-320,224,-320,448,-320,224,-320,224,-256,448,-320,224,-256,256,-256,448,-320,256,-256,293.49036,-256,448,-320,293.49036,-256,346.5097,-256,448,-320,346.5097,-256,384,-256,448,-320,384,-256,448,-256,480,-256,480,-274.74524,480,-301.25473,480,-256,480,-301.25473,480,-320,480,-256,480,-320,448,-320,480,-256,448,-320,448,-256,384,-256,346.5097,-256,384,-218.5097,224,-128,256,-128,256,-165.49034,224,-128,256,-165.49034,256,-192,224,-128,256,-192,224,-192,346.50964,-128,384,-128,384,-165.49039,496,-16,496,-32,448,-32,496,-16,448,-32,269.25476,-32,496,-16,269.25476,-32,285.25476,-16,226.74516,-16,242.74518,-32,224,-32,226.74516,-16,224,-32,192,-32,226.74516,-16,192,-32,13.254775,-32,226.74516,-16,13.254775,-32,29.25478,-16,448,-128,384,-128,346.50964,-128,448,-128,346.50964,-128,293.49036,-128,448,-128,293.49036,-128,256,-128,448,-128,256,-128,224,-128,448,-128,224,-128,224,-32,448,-128,224,-32,242.74518,-32,448,-128,242.74518,-32,269.25476,-32,448,-128,269.25476,-32,448,-32,496,-32,496,-128,448,-128,496,-32,448,-128,448,-32,480,-301.25464,496,-317.25473,496,-496,480,-301.25464,496,-496,480,-480,480,-480,496,-496,480,-496,480,-480,480,-496,437.49066,-496,480,-480,437.49066,-496,453.49078,-480,437.49066,-496,317.2548,-496,301.25458,-480,437.49066,-496,301.25458,-480,453.49078,-480,480,-480,496,-496,480,-496,480,-301.25464,496,-317.25473,496,-496,480,-301.25464,496,-496,480,-480,480,-480,480,-496,317.2548,-496,480,-480,317.2548,-496,301.25458,-480,496,-16,480,-32,269.25476,-32,496,-16,269.25476,-32,285.25476,-16,226.74516,-16,242.74483,-32,32,-32,226.74516,-16,32,-32,13.254774,-32,226.74516,-16,13.254774,-32,29.25478,-16,496,-32,480,-32,496,-16,226.74516,-16,242.74483,-32,32,-32,226.74516,-16,32,-32,13.254774,-32,226.74516,-16,13.254774,-32,29.25478,-16,496,-16,480,-32,269.25476,-32,496,-16,269.25476,-32,285.25476,-16,496,-32,480,-32,496,-16,480,-32,496,-32,496,-240,480,-32,496,-240,496,-256,480,-32,496,-256,480,-256,496,-256,496,-258.74524,480,-274.7451,496,-256,480,-274.7451,480,-256,480,-256,480,-32,496,-32,480,-256,496,-32,496,-240,480,-256,496,-240,496,-256,496,-258.74524,480,-274.7451,480,-256,496,-258.74524,480,-256,496,-256,274.74512,-480,258.7453,-496,50.7453,-496,274.74512,-480,50.7453,-496,50.7453,-480,50.7453,-496,29.254658,-496,13.254803,-480,50.7453,-496,13.254803,-480,50.7453,-480,274.74512,-480,258.7453,-496,50.7453,-496,274.74512,-480,50.7453,-496,50.7453,-480,50.7453,-496,29.254658,-496,13.254803,-480,50.7453,-496,13.254803,-480,50.7453,-480,-240,-34.74518,-240,-32,-240,-16,-240,-34.74518,-240,-16,-224,-32,-240,-34.74518,-224,-32,-224,-240,-240,-34.74518,-224,-240,-240,-240,-224,-240,-224,-256,-224,-274.74518,-224,-240,-224,-274.74518,-240,-258.74518,-224,-240,-240,-258.74518,-240,-240,-29.254852,-16,-13.254878,-32,-224,-32,-29.254852,-16,-224,-32,-240,-16,-29.254852,-16,-13.254878,-32,-224,-32,-29.254852,-16,-224,-32,-240,-16,-240,-32,-240,-16,-224,-32,-240,-34.74518,-240,-32,-224,-32,-240,-34.74518,-224,-32,-224,-256,-240,-34.74518,-224,-256,-240,-256,-224,-256,-224,-274.74515,-240,-258.74518,-224,-256,-240,-258.74518,-240,-256,-240,-317.25467,-224,-301.2548,-224,-480,-240,-317.25467,-224,-480,-240,-496,-13.254788,-480,-29.254704,-496,-240,-496,-13.254788,-480,-240,-496,-224,-480,-240,-317.25467,-224,-301.2548,-224,-480,-240,-317.25467,-224,-480,-240,-480,-13.254788,-480,-29.254704,-496,-240,-496,-13.254788,-480,-240,-496,-224,-480,-224,-480,-240,-496,-240,-480]}]}