{"map":"dmm4_1","version":1,"bounds":{"minX":544,"maxX":1504,"minY":-304,"maxY":656},"locs":[{"name":"","z":112,"tris":[1413.3468,234.4085,1478.2992,128,1405.7783,128,1222.8217,656,1504,374.82153,1504,343.35156,1222.8217,656,1504,343.35156,819.95807,650.78033,1222.8217,656,819.95807,650.78033,825.17773,656,1287.4365,440.6816,1504,343.35156,1504,128,1287.4365,440.6816,1504,128,1478.2992,128,1067.0077,539.7489,836.2717,493.7634,930.78143,600.973,544,286.52933,792.5648,-120.68355,544,-8.971664,544,286.52933,544,374.82227,698.1924,529.01465,544,286.52933,698.1924,529.01465,666.653,85.5923,819.95807,650.78033,930.78143,600.973,683.3463,320.2884,819.95807,650.78033,683.3463,320.2884,698.1924,529.01465,1243.7316,-173.76291,1149.2203,-280.97437,1012.9912,-219.74925,1504,128,1504,-22.822071,1386.7083,-140.11383,1504,128,1386.7083,-140.11383,1405.7783,128,544,-22.823587,544,-8.971664,1200.4535,-304,544,-22.823587,1200.4535,-304,825.1768,-304,1396.6533,-0.2917089,1386.7083,-140.11383,1222.822,-304,1396.6533,-0.2917089,1222.822,-304,1200.4535,-304,1396.6533,-0.2917089,1200.4535,-304,1149.2203,-280.97437,1088,656,1088,560,960,560,1088,656,960,560,960,656,1504,128,1408,128,1408,256,1504,128,1408,256,1504,256,960,-304,960,-208,1088,-208,960,-304,1088,-208,1088,-304,1238.8442,462.52045,1287.4366,440.68155,1413.3469,234.4084,1238.8442,462.52045,1413.3469,234.4084,1396.6536,-0.29149416,1238.8442,462.52045,1396.6536,-0.29149416,1341.0634,-63.351807,1340.7186,-61.57856,1341.0634,-63.351807,1243.7316,-173.76283,1340.7186,-61.57856,1243.7316,-173.76283,1012.99133,-219.74931,1340.7186,-61.57856,1012.99133,-219.74931,866.25964,-153.80405,683.34625,320.28824,836.2718,493.76343,1067.0076,539.7489,683.34625,320.28824,1067.0076,539.7489,1238.8442,462.52045,683.34625,320.28824,1238.8442,462.52045,1340.7186,-61.57856,683.34625,320.28824,1340.7186,-61.57856,866.25964,-153.80405,683.34625,320.28824,866.25964,-153.80405,792.56494,-120.6836,683.34625,320.28824,792.56494,-120.6836,666.653,85.5924,544,256,640,256,640,128,544,256,640,128,544,128,1222.8217,656,1504,374.82153,1504,343.35156,1222.8217,656,1504,343.35156,819.95807,650.78033,1222.8217,656,819.95807,650.78033,825.17773,656,1287.4365,440.6816,1504,343.35156,1504,128,1287.4365,440.6816,1504,128,1478.2992,128,1413.3468,234.4085,1478.2992,128,1405.7783,128,1067.0077,539.7489,836.2717,493.7634,930.78143,600.973,544,286.52933,544,374.82227,698.1924,529.01465,544,286.52933,698.1924,529.01465,666.653,85.5923,819.95807,650.78033,930.78143,600.973,683.3463,320.2884,819.95807,650.78033,683.3463,320.2884,698.1924,529.01465,544,286.52933,792.5648,-120.68355,544,-8.971664,544,-22.823587,544,-8.971664,1200.4535,-304,544,-22.823587,1200.4535,-304,825.1768,-304,1504,-22.822071,1386.7083,-140.11383,1405.7783,128,1504,-22.822071,1405.7783,128,1504,128,1396.6533,-0.2917089,1386.7083,-140.11383,1222.822,-304,1396.6533,-0.2917089,1222.822,-304,1200.4535,-304,1396.6533,-0.2917089,1200.4535,-304,1149.2203,-280.97437,1243.7316,-173.76291,1149.2203,-280.97437,1012.9912,-219.74925]}]}