{"map":"hammer","version":1,"bounds":{"minX":-448,"maxX":447.90012,"minY":-318,"maxY":320},"locs":[{"name":"","z":272,"tris":[439.90012,192,447.90012,192,447.90012,-192,439.90012,192,447.90012,-192,439.90012,-192,439.90012,184.26366,440.06485,184.26366,440.06464,39.863663,439.90012,184.26366,440.06464,39.863663,440.06464,-39.736313,439.90012,184.26366,440.06464,-39.736313,439.90012,-39.736313,440.06464,-39.736313,440.06448,-184.13638,439.90012,-184.13638,440.06464,-39.736313,439.90012,-184.13638,439.90012,-39.736313,440.06467,-15.50837,440.06454,-141.7306,439.90012,-141.7306,440.06467,-15.50837,439.90012,-141.7306,439.90012,-15.50837,439.90012,184.06367,440.06485,184.06367,440.06485,183.96367,439.90012,184.06367,440.06485,183.96367,439.90012,183.96367,440.06482,159.8636,440.06482,39.86372,440.0647,16.491621,440.06482,159.8636,440.0647,16.491621,439.90012,16.491621,440.06482,159.8636,439.90012,16.491621,439.90012,142.71391,440.06482,159.8636,439.90012,142.71391,439.90012,159.8636,439.9639,159.8636,439.964,35.691666,439.90012,35.691677,439.9639,159.8636,439.90012,35.691677,439.90012,159.8636,439.90012,35.691677,439.964,35.691666,439.964,16.491629,439.90012,35.691677,439.964,16.491629,439.90012,16.49163,439.90012,16.49164,440.064,16.49164,440.06403,-15.50837,439.90012,16.49164,440.06403,-15.50837,439.90012,-15.50837,439.90012,-15.50837,440.06403,-15.50837,440.06403,-15.60839,439.90012,-15.50837,440.06403,-15.60839,439.96393,-15.60839,439.90012,-15.50837,439.96393,-15.60839,439.90012,-15.60839,439.96393,-34.708435,440.06403,-34.708435,440.06415,-34.808414,439.96393,-34.708435,440.06415,-34.808414,439.96393,-34.8084,439.90012,-15.60839,439.96393,-15.60839,439.9639,-144.2237,439.90012,-15.60839,439.9639,-144.2237,439.90012,-144.2237,440.06403,-15.60839,440.06403,-34.708435,439.96393,-34.708435,440.06403,-15.60839,439.96393,-34.708435,439.96393,-15.60839,439.96393,-34.8084,440.06415,-34.808414,440.06415,-159.53632,439.96393,-34.8084,440.06415,-159.53632,439.90012,-159.53632,439.96393,-34.8084,439.90012,-159.53632,439.90012,-34.808414,440.06403,-29.908323,440.06415,-159.53632,439.90012,-159.53632,440.06403,-29.908323,439.90012,-159.53632,439.90012,-29.908323,-224,-112,-224,-128,-424,-128,-224,-112,-424,-128,-424,-112,-64,-24,-16,-24,-16,-30,-64,-24,-16,-30,-16,-112,-64,-24,-16,-112,-24,-112,-64,-24,-24,-112,-64,-112,-424,88,-424,112,-224,112,-424,88,-224,112,-192,112,-424,88,-192,112,-192,64,-424,88,-192,64,-192,-64,-424,88,-192,-64,-192,-112,-424,88,-192,-112,-224,-112,-424,88,-224,-112,-424,-112,-424,128,-224,128,-224,112,-424,128,-224,112,-424,112,-424,312,-248,312,-192,312,-424,312,-192,312,-192,192,-424,312,-192,192,-192,128,-424,312,-192,128,-224,128,-424,312,-224,128,-424,128,-64,24,-64,112,-24,112,-64,24,-24,112,-16,112,-64,24,-16,112,-16,40,-64,24,-16,40,-16,24,-24,128,-24,192,-16,192,-24,128,-16,192,-16,112,-24,128,-16,112,-24,112,-192,192,-24,192,-24,128,-192,192,-24,128,-64,128,-192,192,-64,128,-192,128,-16,-24,112,-24,112,-30,-16,-24,112,-30,-16,-30,208,-112,200,-112,-16,-112,208,-112,-16,-112,-16,-30,208,-112,-16,-30,112,-30,208,-112,112,-30,208,-30,224,-30,424,-30,424,-40.10002,224,-30,424,-40.10002,424,-112,224,-30,424,-112,208,-112,224,-30,208,-112,208,-30,200,-128,24,-128,-24,-128,200,-128,-24,-128,-24,-112,200,-128,-24,-112,-16,-112,200,-128,-16,-112,200,-112,208,-112,424,-112,424,-128,208,-112,424,-128,248,-128,208,-112,248,-128,200,-128,208,-112,200,-128,200,-112,-200,-312,-424,-312,-424,-136,-200,-312,-424,-136,-424,-128,-200,-312,-424,-128,-224,-128,-200,-312,-224,-128,-200,-128,24,-312,-200,-312,-200,-128,24,-312,-200,-128,-64,-128,24,-312,-64,-128,-24,-128,24,-312,-24,-128,24,-128,248,-312,24,-312,24,-128,248,-312,24,-128,200,-128,248,-312,200,-128,248,-128,424,-128,424,-192,424,-312,424,-128,424,-312,248,-312,424,-128,248,-312,248,-128,-16,40,112,40,112,30,-16,40,112,30,112,24,-16,40,112,24,-16,24,208,40,112,40,-16,40,208,40,-16,40,-16,112,208,40,-16,112,-16,192,208,40,-16,192,32,192,208,40,32,192,208,192,224,192,224,40,208,40,224,192,208,40,208,192,112,40,208,40,224,40,112,40,224,40,224,30,112,40,224,30,112,30,32,192,-16,192,-24,192,32,192,-24,192,-192,192,32,192,-192,192,-192,312,32,192,-192,312,-24,312,32,192,-24,312,32,312,256,192,224,192,208,192,256,192,208,192,32,192,256,192,32,192,32,312,256,192,32,312,200,312,256,192,200,312,256,312,424,312,424,192,256,192,424,312,256,192,256,312,224,-24,224,24,224,30,224,-24,224,30,224,40,224,-24,224,40,224,192,224,-24,224,192,256,192,224,-24,256,192,424,192,224,-24,424,192,424,183.89998,224,-24,424,183.89998,424,-30,224,-24,424,-30,224,-30,-432,320,-424,320,-424,312,-432,320,-424,312,-424,96,-432,320,-424,96,-432,96,-424,96,-424,88,-424,-128,-424,96,-424,-128,-432,-128,-424,96,-432,-128,-432,96,-424,-128,-424,-136,-424,-312,-424,-128,-424,-312,-424,-318,-424,-128,-424,-318,-432,-318,-424,-128,-432,-318,-432,-128,-200,-318,-424,-318,-424,-312,-200,-318,-424,-312,-200,-312,24,-318,-200,-318,-200,-312,24,-318,-200,-312,24,-312,248,-318,24,-318,24,-312,248,-318,24,-312,248,-312,424,-312,424,-318,248,-318,424,-312,248,-318,248,-312,-248,312,-200,312,-24,312,-248,312,-24,312,24,312,-248,312,24,312,200,312,-248,312,200,312,248,312,-248,312,248,312,424,312,-248,312,424,312,424,183.89998,-248,312,424,183.89998,424,-40.10002,-248,312,424,-40.10002,424,-192,-248,312,424,-192,424,-312,-248,312,424,-312,248,-312,-248,312,248,-312,24,-312,-248,312,24,-312,-200,-312,-248,312,-200,-312,-424,-312,-248,312,-424,-312,-424,-136,-248,312,-424,-136,-424,-128,-248,312,-424,-128,-424,88,-248,312,-424,88,-424,96,-248,312,-424,96,-424,312,-200,312,-248,312,-424,312,-200,312,-424,312,-424,320,-200,312,-424,320,-200,320,24,312,-24,312,-200,312,24,312,-200,312,-200,320,24,312,-200,320,24,320,248,312,200,312,24,312,248,312,24,312,24,320,248,312,24,320,248,320,424,320,424,312,248,312,424,320,248,312,248,320,64,224,64,312,167.4841,312,64,224,167.4841,312,288,312,64,224,288,312,288,189.23076,64,224,288,189.23076,64,189.23076,288,312,391.4841,312,424,312,288,312,424,312,424,189.23076,288,312,424,189.23076,312,189.23076,288,312,312,189.23076,288,189.23076,64,101.2933,288,101.2933,288,48,64,101.2933,288,48,272,48,64,101.2933,272,48,64,48,288,101.2933,312,101.2933,424,101.2933,288,101.2933,424,101.2933,424,48,288,101.2933,424,48,288,48,288,101.2933,64,101.2933,64,189.23076,288,101.2933,64,189.23076,288,189.23076,312,189.23076,312,130.66667,312,101.2933,312,189.23076,312,101.2933,288,101.2933,312,189.23076,288,101.2933,288,189.23076,48,48,64,48,272,48,48,48,272,48,272,-48,48,48,272,-48,64,-48,48,48,64,-48,48,-48,272,48,288,48,424,48,272,48,424,48,424,-48,272,48,424,-48,288,-48,272,48,288,-48,272,-48,64,224,64,189.23076,64,101.2933,64,224,64,101.2933,64,48,64,224,64,48,48,48,64,224,48,48,-48,48,64,224,-48,48,-64,48,64,224,-64,48,-64,224,64,-113,64,-48,272,-48,64,-113,272,-48,288,-48,64,-113,288,-48,288,-224.40167,64,-113,288,-224.40167,64.02948,-224.40163,64,-113,64.02948,-224.40163,64,-224.40163,288,-48,424,-48,424,-88,288,-48,424,-88,424,-224.4017,288,-48,424,-224.4017,288.02948,-224.40167,288,-48,288.02948,-224.40167,288,-224.40167,64.02948,-224.40163,288,-224.40167,288.02948,-224.40167,64.02948,-224.40163,288.02948,-224.40167,288.02948,-312,64.02948,-224.40163,288.02948,-312,64.02952,-312,288.02948,-224.40167,424,-224.4017,424,-312,288.02948,-224.40167,424,-312,288.02948,-312,-48,-48,48,-48,64,-48,-48,-48,64,-48,64,-113,-48,-48,64,-113,-64,-113,-48,-48,-64,-113,-64,-48,-64,-113,64,-113,64,-224.40163,-64,-113,64,-224.40163,-64.57057,-224.4016,-64,-113,-64.57057,-224.4016,-64.57057,-188.52928,-64,-113,-64.57057,-188.52928,-64.57057,-113,-64,32,-64,48,-48,48,-64,32,-48,48,-48,-48,-64,32,-48,-48,-64,-48,-200,256,-200,32,-313,32,-200,256,-313,32,-424,32,-200,256,-424,32,-424,88,-200,256,-424,88,-424,256,-424,312,-288,312,-200,312,-424,312,-200,312,-200,256,-424,312,-200,256,-424,256,-64,256,-64,224,-64,48,-64,256,-64,48,-64,32,-64,256,-64,32,-89,32,-64,256,-89,32,-200,32,-64,256,-200,32,-200,256,-200,312,-64,312,-64,256,-200,