{"map":"hippos","version":1,"bounds":{"minX":-840,"maxX":456,"minY":-744,"maxY":552},"locs":[{"name":"","z":-32,"tris":[-691.5832,-150.30093,-753,-150.30093,-753,-46.3206,-691.5832,-150.30093,-753,-46.3206,-753,-45.501095,-691.5832,-150.30093,-753,-45.501095,-691.5832,-45.501095,-758.02185,-47.213276,-753,-46.3206,-753,-150.30093,-758.02185,-47.213276,-753,-150.30093,-753,-151.6834,-758.02185,-47.213276,-753,-151.6834,-758.02185,-150.7901,-139.21237,-656,-138.98853,-656,-139.5174,-658.9742,-139.21237,-656,-139.5174,-658.9742,-243.69199,-658.9742,-139.21237,-656,-243.69199,-658.9742,-244.22057,-656,-139.21237,-656,-244.22057,-656,-244.79617,-656,-139.21237,-656,-244.79617,-656,-244.79617,-593.5218,-139.21237,-656,-244.79617,-593.5218,-139.21237,-593.5218,371.503,-149.75095,370,-150.01811,370,-46.69588,371.503,-149.75095,370,-46.69588,371.503,-46.963215,370,-46.006565,370,-46.69588,370,-150.01811,370,-46.006565,370,-150.01811,370,-151.09338,370,-46.006565,370,-151.09338,308.7921,-151.09338,370,-46.006565,308.7921,-151.09338,308.7921,-46.006565,-244.0114,467,-140.00757,467,-137.88565,467,-244.0114,467,-137.88565,467,-137.88565,403.87698,-244.0114,467,-137.88565,403.87698,-244.0114,403.87698,-140.72276,471.02353,-140.00757,467,-244.0114,467,-140.72276,471.02353,-244.0114,467,-245.2071,467,-140.72276,471.02353,-245.2071,467,-244.49161,471.02353,-840,-418,-840,-194,-753,-194,-840,-418,-753,-194,-689,-194,-840,-418,-689,-194,-672,-194,-840,-418,-672,-194,-672,-224,-840,-418,-672,-224,-672,-418,-840,-642,-840,-418,-672,-418,-840,-642,-672,-418,-672,-448,-840,-642,-672,-448,-672,-642,-672,-672,-672,-744,-840,-744,-672,-672,-840,-744,-840,-642,-672,-672,-840,-642,-672,-642,-672,-448,-672,-418,-672,-224,-672,-448,-672,-224,-656,-304,-672,-448,-656,-304,-656,-448,-672,-672,-672,-642,-672,-448,-672,-672,-672,-448,-656,-448,-672,-672,-656,-448,-656,-528,-672,-672,-656,-528,-656,-560,-672,-672,-656,-560,-656,-672,-656,-744,-672,-744,-672,-672,-656,-744,-672,-672,-656,-672,-585,-488,-585,-560,-604.8,-560,-585,-488,-604.8,-560,-611.2,-528,-585,-488,-611.2,-528,-648,-344,-585,-488,-648,-344,-592,-424,-585,-488,-592,-424,-585,-434,-592,-424,-585,-431,-585,-434,-585,-373,-585,-411.14285,-632,-344,-585,-373,-632,-344,-656,-224,-585,-373,-656,-224,-656,-194,-585,-373,-656,-194,-631.9193,-194,-585,-373,-631.9193,-194,-585,-194,-656,-528,-656,-448,-656,-304,-656,-528,-656,-304,-648,-344,-656,-528,-648,-344,-611.2,-528,-604.8,-560,-656,-560,-656,-528,-604.8,-560,-656,-528,-611.2,-528,-585,-576,-585,-744,-656,-744,-585,-576,-656,-744,-656,-672,-585,-576,-656,-672,-656,-560,-585,-576,-656,-560,-604.8,-560,-585,-576,-604.8,-560,-585,-560,-585,-178.35822,-585,-194,-631.9193,-194,-361,-744,-585,-744,-585,-576,-361,-744,-585,-576,-361,-576,-320,-576,-288,-576,-288,-592,-320,-576,-288,-592,-288,-656,-320,-576,-288,-656,-288,-744,-320,-576,-288,-744,-361,-744,-320,-576,-361,-744,-361,-576,-361,-576,-585,-576,-585,-560,-361,-576,-585,-560,-428.57144,-560,-361,-576,-428.57144,-560,-400,-560,-361,-576,-400,-560,-361,-567.8,-320,-576,-361,-576,-361,-567.8,-428.57144,-560,-440,-552,-400,-560,-528,-488,-520,-496,-531.4286,-488,-361,-488,-288,-488,-288,-536,-361,-488,-288,-536,-288,-560,-361,-488,-288,-560,-320,-560,-361,-488,-320,-560,-440,-536,-361,-488,-440,-536,-508.57144,-488,-520,-496,-440,-552,-428.57144,-560,-520,-496,-428.57144,-560,-585,-560,-520,-496,-585,-560,-585,-488,-520,-496,-585,-488,-531.4286,-488,-288,-536,-288,-488,-272,-488,-252,-488,-137,-488,-132,-488,-252,-488,-132,-488,-132,-728,-252,-488,-132,-728,-252,-728,-528,-488,-531.4286,-488,-585,-488,-528,-488,-585,-488,-585,-434,-528,-488,-585,-434,-585,-431,-96,-488,-96,-536,-112,-488,-96,-744,-96,-656,-96,-592,-96,-744,-96,-592,-96,-576,-96,-744,-96,-576,-64,-576,-96,-744,-64,-576,128,-576,-96,-744,128,-576,128,-744,128,-576,160,-576,352,-576,128,-576,352,-576,352,-744,128,-576,352,-744,128,-744,352,-576,384,-576,456,-576,352,-576,456,-576,456,-744,352,-576,456,-744,352,-744,160,-576,128,-576,-64,-576,160,-576,-64,-576,16,-560,160,-576,16,-560,56,-560,160,-576,56,-560,160,-560,384,-576,352,-576,160,-576,384,-576,160,-576,160,-560,384,-576,160,-560,280,-560,384,-576,280,-560,384,-560,456,-560,456,-576,384,-576,456,-560,384,-576,384,-560,16,-560,56,-552,56,-560,136,-496,144,-488,147.42857,-488,87,-488,124.57143,-488,56,-536,87,-488,56,-536,-64,-560,87,-488,-64,-560,-96,-560,87,-488,-96,-560,-96,-536,87,-488,-96,-536,-96,-488,280,-560,160,-560,56,-560,280,-560,56,-560,56,-552,280,-560,56,-552,136,-496,280,-560,136,-496,147.42857,-488,280,-560,147.42857,-488,272,-488,280,-560,272,-488,280,-488,456,-488,456,-560,384,-560,456,-488,384,-560,280,-560,456,-488,280,-560,280,-488,272,-360,258,-374,264,-344,272,-360,264,-344,272,-304,208,-424,264,-344,258,-374,208,-424,258,-374,272,-360,208,-424,272,-360,272,-448,208,-424,272,-448,272,-488,208,-424,272,-488,147.42857,-488,208,-424,147.42857,-488,144,-488,251.445,-195,272,-195,272,-224,251.445,-195,272,-224,248,-344,251.445,-195,248,-344,202,-409.7143,251.445,-195,202,-409.7143,202,-373,251.445,-195,202,-373,202,-195,288,-224,456,-224,456,-448,288,-224,456,-448,272,-448,288,-224,272,-448,272,-360,288,-224,272,-360,272,-304,456,-448,456,-488,280,-488,456,-448,280,-488,272,-488,456,-448,272,-488,272,-448,288,-224,288,-195,306,-195,288,-224,306,-195,370,-195,288,-224,370,-195,456,-195,288,-224,456,-195,456,-224,251.445,-195,202,-195,202,-178.51515,426,-160,202,-160,202,-149,426,-160,202,-149,202,-40,426,-160,202,-40,426,-40,448,-40,448,-160,426,-160,448,-40,426,-160,426,-40,-832,-37,-608,-37,-608,-157,-832,-37,-608,-157,-832,-157,-608,-37,-585,-37,-585,-149,-608,-37,-585,-149,-585,-157,-608,-37,-585,-157,-608,-157,-633.9267,-2,-585,-2,-585,-18.310987,-840,328,-840,552,-672,552,-840,328,-672,552,-672,328,-840,104,-840,328,-672,328,-840,104,-672,328,-672,104,-672,32,-672,-2,-689,-2,-672,32,-689,-2,-753,-2,-672,32,-753,-2,-840,-2,-672,32,-840,-2,-840,104,-672,32,-840,104,-672,104,-672,552,-656,552,-656,328,-672,552,-656,328,-672,328,-656,328,-656,316.8,-656,112,-656,328,-656,112,-657.6,104,-656,328,-657.6,104,-672,104,-656,328,-672,104,-672,328,-657.6,104,-672,32,-672,104,-613.3333,325.33334,-596.6667,328.66666,-622,202,-613.3333,325.33334,-622,202,-625.6,184,-613.3333,325.33334,-625.6,184,-648,152,-648,152,-656,112,-656,316.8,-648,152,-656,316.8,-613.3333,325.33334,-622,202,-592,232,-625.6,184,-632,152,-585,219.14285,-585,75,-632,152,-585,75,-585,-2,-632,152,-585,-2,-633.9267,-2,-632,152,-633.9267,-2,-656,-2,-632,152,-656,-2,-656,32,-596.6667,328.66666,-585,331,-585,299,-596.6667,328.66666,-585,299,-585,239,-596.6667,328.66666,-585,239,-592,232,-596.6667,328.66666,-592,232,-622,202,-656,328,-656,552,-585,552,-656,328,-585,552,-585,384,-656,328,-585,384,-585,331,-656,328,-585,331,-596.6667,328.66666,-656,328,-596.6667,328.66666,-613.3333,325.33334,-656,328,-613.3333,325.33334,-656,316.8,-585,299,-529.1,299,-525,299,-585,299,-525,299,-585,239,-440,344,-320,368,-287,368,-440,344,-287,368,-287,346,-440,344,-287,346,-287,299,-440,344,-287,299,-361,299,-440,344,-361,299,-504.2857,299,-440,360,-520,304,-520,312,-440,360,-520,312,-493.9535,349.2093,-529.1,299,-520,312,-520,304,-529.1,299,-520,304,-525,299,-585,331,-493.9535,349.2093,-520,312,-585,331,-520,312,-529.1,299,-585,331,-529.1,299,-585,299,-361,375.8,-440,360,-493.9535,349.2093,-361,375.8,-493.9535,349.2093,-585,331,-361,375.8,-585,331,-585,384,-361,375.8,-585,384,-361,384,-320,384,-361,375.8,-361,384,-361,384,-585,384,-585,552,-361,384,-585,552,-361,552,-287,552,-287,467,-287,403,-287,552,-287,403,-287,384,-287,552,-287,384,-320,384,-287,552,-320,384,-361,384,-287,552,-361,384,-361,552,-271.33334,299,-287,299,-287,346,-252,523,-252,540,-132,540,-252,523,-132,540,-132,523,-252,523,-132,523,-132,316,-252,523,-132,316,-252,316,-132,316,-132,299,-137,299,-132,316,-137,299,-252,299,-132,316,-252,299,-252,316,-585,219.14285,-576,232,-520,288,-585,219.14285,-520,288,-504.2857,299,-585,219.14285,-504.2857,299,-361,299,-585,219.14285,-361,