{"map":"midair3","version":1,"bounds":{"minX":-512,"maxX":512,"minY":-640,"maxY":648},"locs":[{"name":"","z":8,"tris":[-501,637,501,637,501,-629,-501,637,501,-629,-501,-629,501,-405,501,-181,501,43,501,-405,501,43,501,267,501,-405,501,267,501,491,501,-405,501,491,501,637,501,-405,501,637,501,648,501,-405,501,648,512,648,501,-405,512,648,512,-629,501,-405,512,-629,501,-629,501,648,501,637,395,637,501,648,395,637,171,637,501,648,171,637,-53,637,501,648,-53,637,-277,637,501,648,-277,637,-501,637,501,648,-501,637,-501,648,500,-44,432,-44,432,52,500,-44,432,52,500,52,343,413,343,458,343,637,343,413,343,637,395,637,343,413,395,637,501,637,343,413,501,637,501,491,343,413,501,491,501,413,368.5357,189,343,384,343,413,368.5357,189,343,413,501,413,368.5357,189,501,413,501,267,368.5357,189,501,267,501,189,500,52,432,52,386.47617,52,500,52,386.47617,52,368.5357,189,500,52,368.5357,189,501,189,500,52,501,189,501,52,354,156,354,300,368.5357,189,354,156,368.5357,189,383.33334,76,354,156,383.33334,76,354,76,383.33334,76,412.66666,-148,354,-148,383.33334,76,354,-148,354,-68,383.33334,76,354,-68,354,76,412.66666,-148,415.80942,-172,430.19696,-281.8678,412.66666,-148,430.19696,-281.8678,419.24326,-292,412.66666,-148,419.24326,-292,354,-352.34998,412.66666,-148,354,-352.34998,354,-292,412.66666,-148,354,-292,354,-148,500,-44,500,52,501,52,500,-44,501,52,501,43,500,-44,501,43,501,-44,412.66666,-148,386.47617,52,432,52,412.66666,-148,432,52,432,-44,412.66666,-148,432,-44,432,-172,412.66666,-148,432,-172,415.80942,-172,432,-172,432,-268,432,-292,432,-172,432,-292,431.5238,-292,432,-172,431.5238,-292,430.19696,-281.8678,432,-172,430.19696,-281.8678,415.80942,-172,38,469,-186,469,-186,513,38,469,-186,513,-130,506.15558,38,469,-130,506.15558,38,485.6222,94,478.77777,174,469,38,469,94,478.77777,38,469,38,485.6222,-354,533.5333,-186,513,-186,469,-354,533.5333,-186,469,-276,458,-354,533.5333,-276,458,-354,458,-186,513,-354,533.5333,-354,637,-186,513,-354,637,-277,637,-186,513,-277,637,-130,637,-186,513,-130,637,-130,506.15558,-130,637,-53,637,94,637,-130,637,94,637,94,478.77777,-130,637,94,478.77777,38,485.6222,-130,637,38,485.6222,-130,506.15558,94,637,171,637,318,637,94,637,318,637,318,458,94,637,318,458,264,458,94,637,264,458,174,469,94,637,174,469,94,478.77777,318,637,343,637,343,458,318,637,343,458,318,458,-354,300,-343.47925,380.3402,-272.80447,447.39062,-354,300,-272.80447,447.39062,-186,458,-354,300,-186,458,-130,458,-354,300,-130,458,-130,234,-354,300,-130,234,-354,234,-130,234,-130,10,-354,10,-130,234,-354,10,-354,156,-130,234,-354,156,-354,234,-130,10,-130,-214,-354,-214,-130,10,-354,-214,-354,-68,-130,10,-354,-68,-354,10,-130,-214,-130,-450,-186,-450,-130,-214,-186,-450,-272.8045,-439.39056,-130,-214,-272.8045,-439.39056,-343.47928,-372.34015,-130,-214,-343.47928,-372.34015,-354,-292,-130,-214,-354,-292,-354,-214,-130,458,38,458,94,458,-130,458,94,458,94,234,-130,458,94,234,-130,234,94,234,94,10,-130,10,94,234,-130,10,-130,234,94,10,94,-214,-130,-214,94,10,-130,-214,-130,10,94,-214,94,-450,38,-450,94,-214,38,-450,-130,-450,94,-214,-130,-450,-130,-214,94,458,174,458,263.3162,447.08356,94,458,263.3162,447.08356,318,395.86078,94,458,318,395.86078,318,234,94,458,318,234,94,234,318,234,318,171.86078,318,10,318,234,318,10,94,10,318,234,94,10,94,234,318,10,318,-52.13922,318,-214,318,10,318,-214,94,-214,318,10,94,-214,94,10,318,-214,318,-276.13922,318,-385.65,318,-214,318,-385.65,259.76474,-439.5176,318,-214,259.76474,-439.5176,174,-450,318,-214,174,-450,94,-450,318,-214,94,-450,94,-214,318,234,318,395.86078,332.18707,382.57162,318,234,332.18707,382.57162,343,300,318,234,343,300,343,171.86078,318,234,343,171.86078,318,171.86078,343,171.86078,343,156,343,-52.13922,343,171.86078,343,-52.13922,318,-52.13922,343,171.86078,318,-52.13922,318,10,343,171.86078,318,10,318,171.86078,343,-52.13922,343,-68,343,-276.13922,343,-52.13922,343,-276.13922,318,-276.13922,343,-52.13922,318,-276.13922,318,-214,343,-52.13922,318,-214,318,-52.13922,343,-276.13922,343,-292,332.4917,-372.24518,343,-276.13922,332.4917,-372.24518,318,-385.65,343,-276.13922,318,-385.65,318,-276.13922,-276,458,-354,384,-354,413,-276,458,-354,413,-354,458,318,458,343,458,343,413,318,458,343,413,343,384,318,458,343,384,264,458,-366,413,-366,637,-354,637,-366,413,-354,637,-354,533.5333,-366,413,-354,533.5333,-354,458,-366,413,-354,458,-354,413,-354,384,-366,300,-366,413,-354,384,-366,413,-354,413,431.5238,-292,432,-292,432,-292.6329,431.5238,-292,432,-292.6329,431.6497,-292.96097,431.5238,-292,431.6497,-292.96097,354,-365.6962,431.5238,-292,354,-365.6962,354,-352.34998,431.5238,-292,354,-352.34998,419.24326,-292,354,-516.63293,354,-516,354,-365.6962,354,-516.63293,354,-365.6962,431.6497,-292.96097,354,-516.63293,431.6497,-292.96097,432,-292.6329,354,-516.63293,432,-292.6329,432,-492,354,-516.63293,432,-492,432,-516.63293,432,-629,395,-629,354,-629,432,-629,354,-629,354,-516.63293,432,-629,354,-516.63293,432,-516.63293,432,-268,432,-172,432,-44,432,-268,432,-44,500,-44,432,-268,500,-44,501,-44,432,-268,501,-44,501,-181,432,-268,501,-181,501,-268,432,-492,432,-292.6329,432,-292,432,-492,432,-292,432,-268,432,-492,432,-268,501,-268,432,-492,501,-268,501,-405,432,-492,501,-405,501,-492,432,-629,432,-516.63293,432,-492,432,-629,432,-492,501,-492,432,-629,501,-492,501,-629,430.19696,-281.8678,431.5238,-292,419.24326,-292,343,-516,343,-461,343,-450,343,-516,343,-450,343,-376,343,-516,343,-376,354,-292,343,-516,354,-292,354,-352.34998,343,-516,354,-352.34998,354,-365.6962,343,-516,354,-365.6962,354,-516,354,-516.63293,354,-629,343,-629,354,-516.63293,343,-629,343,-516,354,-516.63293,343,-516,354,-516,264,-450,343,-376,343,-450,-276,-450,-354,-450,-354,-376,264,-450,343,-450,343,-461,264,-450,343,-461,318,-461,264,-450,318,-461,174,-461,-354,-461,-354,-450,-276,-450,-354,-461,-276,-450,-186,-461,-130,-629,-277,-629,-354,-629,-130,-629,-354,-629,-354,-516,-130,-629,-354,-516,-354,-461,-130,-629,-354,-461,-186,-461,-130,-629,-186,-461,-130,-461,94,-629,-53,-629,-130,-629,94,-629,-130,-629,-130,-461,94,-629,-130,-461,38,-461,94,-629,38,-461,94,-461,318,-629,171,-629,94,-629,318,-629,94,-629,94,-461,318,-629,94,-461,174,-461,318,-629,174,-461,318,-461,343,-461,343,-516,343,-629,343,-461,343,-629,318,-629,343,-461,318,-629,318,-461,-354,-376,-354,-450,-354,-461,-354,-376,-354,-461,-354,-516,-354,-376,-354,-516,-366,-516,-354,-376,-366,-516,-366,-492,-354,-376,-366,-492,-366,-292,-354,-516,-354,-629,-366,-629,-354,-516,-366,-629,-366,-516,-186,-461,-276,-450,-186,-450,-186,-461,-186,-450,-52,-450,-186,-461,-52,-450,-52,-461,-52,-450,38,-450,172,-450,-52,-450,172,-450,172,-461,-52,-450,172,-461,38,-461,-52,-450,38,-461,-52,-461,172,-450,174,-450,248.43243,-450,172,-450,248.43243,-450,264,-450,172,-450,264,-450,174,-461,172,-450,174,-461,172,-461,-354,-292,-343.47925,-372.34018,-354,-362.35895,-343.47925,-372.34018,-272.80453,-439.39056,-289.3092,-437.37332,-343.47925,-372.34018,-289.3092,-437.37332,-354,-376,-343.47925,-372.34018,-354,-376,-354,-362.35895,174,-450,259.7647,-439.51764,248.43243,-450,332.4917,-372.24518,343,-292,343,-362.525,-272.80453,-439.39056,-186,-450,-276,-450,-272.80453,-439.39056,-276,-450,-289.3092,-437.37332,259.7647,-439.51764,332.4917,-372.24518,343,-362.525,259.7647,-439.51764,343,-362.525,345.00778,-360.6678,259.7647,-439.51764,345.00778,-360.6678,343,-376,259.7647,-439.51764,343,-376,264,-450,259.7647,-439.51764,264,-450,248.43243,-450,-366,300,-354,384,-354,370.35898,-366,300,-354,370.35898,-354,300,-366,300,-354,300,-354,160,-366,300,-354,160,-366,160,-354,160,-354,156,-354,-64,-354,160,-354,-64,-366,-64,-354,160,-366,-64,-366,156,-354,160,-366,156,-366,160,-354,-64,-354,-68,-354,-288,-354,-64,-354,-288,-366,-288,-354,-64,-366,-288,-366,-68,-354,-64,-366,-68,-366,-64,-354,-288,-354,-292,-354,-362.35895,-354,-288,-354,-362.35895,-354,-376,-354,-288,-354,-376,-366,-292,-354,-288,-366,-292,-366,-288,-354,300,-354,370.35898,-343.47925,380.34018,174,458,174,469,249.81075,459.73425,174,458,249.81075,459.73425,