{"map":"outpost","version":1,"bounds":{"minX":-448,"maxX":448,"minY":-448,"maxY":448},"locs":[{"name":"","z":0,"tris":[-448,351,-448,384,-431.50003,400.49994,448,384,431.49994,400.50003,400.49988,431.5001,448,384,400.49988,431.5001,384,448,448,384,384,448,448,448,400.49988,431.5001,351,448,384,448,400.50006,-431.49994,431.5001,-400.49985,448,-384,400.50006,-431.49994,448,-384,448,-415.66663,-431.50003,-400.49994,-400.49988,-431.5001,-384,-448,-431.50003,-400.49994,-384,-448,-448,-448,-431.50003,-400.49994,-448,-448,-448,-384,-400.49988,-431.5001,-351,-448,-384,-448,-448,-384,-448,-351,-431.50003,-400.49994,431.5001,-400.49985,448,-351,448,-384,448,-448,351,-448,400.50006,-431.49994,448,-448,400.50006,-431.49994,448,-415.66663,448,351,431.49994,400.50003,448,384,-384,448,-351,448,-400.49994,431.50003,-400.49994,431.50003,-431.50003,400.49994,-448,384,-400.49994,431.50003,-448,384,-448,448,-400.49994,431.50003,-448,448,-384,448,-284.40085,-304.20224,-256,-316.3652,-256,-320,-284.40085,-304.20224,-256,-320,-290.3419,-320,-304.20224,-284.40085,-320,-290.3419,-320,-256,-304.20224,-284.40085,-320,-256,-316.3652,-256,-284.23593,-303.76376,-284.40085,-304.20224,-290.3419,-320,-284.23593,-303.76376,-290.3419,-320,-320,-320,-284.23593,-303.76376,-320,-320,-320,-290.3419,-284.23593,-303.76376,-320,-290.3419,-304.20224,-284.40085,-284.23593,-303.76376,-304.20224,-284.40085,-303.76367,-284.23602,-224,-320,-256,-320,-256,-316.3652,-224,-320,-256,-316.3652,-256,-316,-320,-224,-316,-256,-316.3652,-256,-320,-224,-316.3652,-256,-320,-256,-448,-224,-448,-127,-448,0,-448,-224,-448,0,-448,97,-448,-224,-448,97,-448,224,-448,-224,-448,224,-448,320,-448,-224,-448,320,-320,320,-448,-224,-320,320,-320,290.3419,-448,-224,-320,290.3419,-320,256,-448,-224,-320,256,-320,224,-448,-224,-320,224,-320,0,-448,-224,-320,0,-320,-224,-448,-224,-320,-224,-320,-256,-448,-224,-320,-256,-320,-290.3419,-448,-224,-320,-290.3419,-320,-320,-448,-224,-320,-320,-448,-320,-320,224,-320,256,-316.36505,256,-320,224,-316.36505,256,-316,256,-256,320,-256,316.3652,-283.346,304.654,-256,320,-283.346,304.654,-284.40085,304.20224,-256,320,-284.40085,304.20224,-290.3419,320,-303.76407,284.23605,-304.20206,284.40088,-320,290.3419,-303.76407,284.23605,-320,290.3419,-320,320,-303.76407,284.23605,-320,320,-290.3419,320,-303.76407,284.23605,-290.3419,320,-284.40085,304.20224,-303.76407,284.23605,-284.40085,304.20224,-284.23602,303.76398,-315.84952,257.2038,-316.36505,256,-320,256,-315.84952,257.2038,-320,256,-320,290.3419,-315.84952,257.2038,-320,290.3419,-304.20206,284.40088,-256,316.3652,-256,320,-224,320,-256,316.3652,-224,320,-256,316,-320,-320,-290.3419,-320,-256,-320,-320,-320,-256,-320,-224,-320,-320,-320,-224,-320,0,-320,-320,-320,0,-320,224,-320,-320,-320,224,-320,256,-320,-320,-320,256,-320,320,-320,-320,-320,320,-320,448,-320,-320,-320,448,-320,448,-351,-320,-320,448,-351,431.50006,-400.49994,-320,-320,431.50006,-400.49994,400.49997,-431.49997,-320,-320,400.49997,-431.49997,351,-448,-320,-320,351,-448,321,-448,-320,-320,321,-448,224,-448,-320,-320,224,-448,97,-448,-320,-320,97,-448,0,-448,-320,-320,0,-448,-127,-448,-320,-320,-127,-448,-224,-448,-320,-320,-224,-448,-351,-448,-320,-320,-351,-448,-400.49994,-431.50006,-320,-320,-400.49994,-431.50006,-431.50006,-400.49994,-320,-320,-431.50006,-400.49994,-448,-351,-320,-320,-448,-351,-448,-320,256,-316.3652,256,-320,224,-320,256,-316.3652,224,-320,256,-316,298.26483,-298.26483,284.40097,-304.20218,284.23602,-303.76398,298.26483,-298.26483,284.23602,-303.76398,303.7641,-284.2359,298.26483,-298.26483,303.7641,-284.2359,304.20224,-284.40085,298.26483,-298.26483,304.20224,-284.40085,316.3652,-256,298.26483,-298.26483,316.3652,-256,320,-256,298.26483,-298.26483,320,-256,320,-288.9565,284.40097,-304.20218,298.26483,-298.26483,320,-288.9565,284.40097,-304.20218,320,-288.9565,320,-320,284.40097,-304.20218,320,-320,256,-320,284.40097,-304.20218,256,-320,256,-316.3652,316.3652,-256,316,-256,320,-224,316.3652,-256,320,-224,320,-256,224,320,256,320,256,316.3652,224,320,256,316.3652,256,316,316.3652,256,320,256,320,224,316.3652,256,320,224,316,256,304.20218,284.40097,289.69415,318.27762,290.3419,320,304.20218,284.40097,290.3419,320,320,320,304.20218,284.40097,320,320,320,256,304.20218,284.40097,320,256,316.3652,256,290.3419,320,289.69415,318.27762,284.40085,304.20224,290.3419,320,284.40085,304.20224,256,316.3652,290.3419,320,256,316.3652,256,320,304.20218,284.40097,303.76398,284.23602,284.2359,303.7641,304.20218,284.40097,284.2359,303.7641,284.40085,304.20224,304.20218,284.40097,284.40085,304.20224,289.69415,318.27762,320,-288.9565,320,-256,320,-224,320,-288.9565,320,-224,320,0,320,-288.9565,320,0,320,224,320,-288.9565,320,224,320,256,320,-288.9565,320,256,320,320,320,-288.9565,320,320,448,320,320,-288.9565,448,320,448,224,320,-288.9565,448,224,448,97,320,-288.9565,448,97,448,0,320,-288.9565,448,0,448,-127,320,-288.9565,448,-127,448,-224,320,-288.9565,448,-224,448,-320,320,-288.9565,448,-320,320,-320,-224,448,-127,448,0,448,-224,448,0,448,97,448,-224,448,97,448,224,448,-224,448,224,448,321,448,-224,448,321,448,351,448,-224,448,351,448,400.49994,431.50006,-224,448,400.49994,431.50006,431.49994,400.50006,-224,448,431.49994,400.50006,448,351,-224,448,448,351,448,321,-224,448,448,321,448,320,-224,448,448,320,320,320,-224,448,320,320,290.3419,320,-224,448,290.3419,320,256,320,-224,448,256,320,224,320,-224,448,224,320,0,320,-224,448,0,320,-224,320,-224,448,-224,320,-256,320,-224,448,-256,320,-290.3419,320,-224,448,-290.3419,320,-320,320,-224,448,-320,320,-448,320,-224,448,-448,320,-448,321,-224,448,-448,321,-448,351,-224,448,-448,351,-431.50006,400.49994,-224,448,-431.50006,400.49994,-400.49994,431.50006,-224,448,-400.49994,431.50006,-351,448,-284.23593,-303.76376,-303.76367,-284.23602,-272.4658,-272.46588,-316,-256,-256,-256,-272.4658,-272.46588,-316,-256,-272.4658,-272.46588,-303.76367,-284.23602,-316,-256,-303.76367,-284.23602,-304.20224,-284.40085,-316,-256,-304.20224,-284.40085,-316.3652,-256,-256,-256,-316,-256,-320,-224,-256,-256,-320,-224,-256,-224,-256,-316,-256,-316.36505,-284.40088,-304.20206,-256,-316,-284.40088,-304.20206,-284.23593,-303.76376,-256,-316,-284.23593,-303.76376,-272.4658,-272.46588,-256,-316,-272.4658,-272.46588,-256,-256,-320,224,-256,224,-192,224,-320,224,-192,224,-192,0,-320,224,-192,0,-320,0,-192,0,-192,-192,-192,-224,-192,0,-192,-224,-256,-224,-192,0,-256,-224,-320,-224,-192,0,-320,-224,-320,0,-256,316,-256,256,-272.46576,272.46576,-256,316,-272.46576,272.46576,-284.23602,303.76367,-256,316,-284.23602,303.76367,-284.40085,304.20224,-256,316,-284.40085,304.20224,-256,316.3652,-316,256,-316.36505,256,-304.20206,284.40088,-316,256,-304.20206,284.40088,-303.7638,284.23593,-316,256,-303.7638,284.23593,-272.46576,272.46576,-316,256,-272.46576,272.46576,-256,256,-256,224,-320,224,-316,256,-256,224,-316,256,-256,256,-303.7638,284.23593,-284.23602,303.76367,-272.46576,272.46576,32,-224,-32,-224,-192,-224,32,-224,-192,-224,-192,-192,32,-224,-192,-192,-128,-192,32,-224,-128,-192,32,-192,256,-224,192,-224,32,-224,256,-224,32,-224,32,-192,256,-224,32,-192,96,-192,256,-224,96,-192,128,-192,256,-224,128,-192,256,-192,320,-192,320,-224,256,-224,320,-192,256,-224,256,-192,256,-316.3652,256,-316,256,-256,256,-316.3652,256,-256,272.46597,-272.46597,256,-316.3652,272.46597,-272.46597,284.23602,-303.76398,256,-316.3652,284.23602,-303.76398,284.40097,-304.20218,-32,-320,-224,-320,-256,-316,-32,-320,-256,-316,-256,-256,-32,-320,-256,-256,-256,-224,-32,-320,-256,-224,-192,-224,-32,-320,-192,-224,-32,-224,192,-320,0,-320,-32,-320,192,-320,-32,-320,-32,-224,192,-320,-32,-224,32,-224,192,-320,32,-224,192,-224,256,-224,256,-256,256,-316,256,-224,256,-316,224,-320,256,-224,224,-320,192,-320,256,-224,192,-320,192,-224,316,-256,256,-256,256,-224,316,-256,256,-224,320,-224,303.76407,-284.2359,272.46597,-272.46597,256,-256,303.76407,-284.2359,256,-256,316,-256,303.76407,-284.2359,316,-256,316.3652,-256,303.76407,-284.2359,316.3652,-256,304.20218,-284.40097,272.46597,