{"map":"paincath","version":1,"bounds":{"minX":-640,"maxX":640,"minY":-632,"maxY":632},"locs":[{"name":"","z":16,"tris":[32,568,32,632,256,410.94736,32,568,256,410.94736,256,408,32,568,256,408,194.38806,408,256,408,256,347.29413,194.38806,408,256,408,256,410.94736,480,189.89473,256,408,480,189.89473,480,186.94736,256,408,480,186.94736,418.74,186.94736,256,408,418.74,186.94736,256,347.29413,480,186.94736,480,126.588234,418.74,186.94736,480,186.94736,480,189.89473,640,32,480,186.94736,640,32,576,32,480,186.94736,576,32,480,126.588234,256,-350.58823,256,-410.94736,222.19487,-444.30768,256,-350.58823,222.19487,-444.30768,93.51528,-571.2941,256,-350.58823,93.51528,-571.2941,32,-571.2941,256,-350.58823,32,-571.2941,32,-568,256,-350.58823,32,-568,256,-347.29413,93.51528,-571.2941,32,-632,32,-571.2941,480,-189.89473,413.01334,-256,317.1639,-350.58823,480,-189.89473,317.1639,-350.58823,256,-350.58823,480,-189.89473,256,-350.58823,256,-347.29413,480,-189.89473,256,-347.29413,480,-126.588234,317.1639,-350.58823,256,-410.94736,256,-350.58823,576,-32,640,-32,480,-189.89473,576,-32,480,-189.89473,480,-126.588234,-416,250.10526,-416,189.64706,-576,32,-416,250.10526,-576,32,-640,32,-416,250.10526,-640,32,-416,253.05263,-192,410.35294,-352,252.70589,-354.63943,250.10526,-192,410.35294,-354.63943,250.10526,-416,250.10526,-192,410.35294,-416,250.10526,-416,253.05263,-192,410.35294,-416,253.05263,-192,474.10526,-354.63943,250.10526,-416,189.64706,-416,250.10526,-32,632,-32,568,-128,473.41177,-32,632,-128,473.41177,-192,410.35294,-32,632,-192,410.35294,-192,474.10526,-416,-253.05263,-640,-32,-576,-32,-416,-253.05263,-576,-32,-416,-189.64706,-253.26431,-413.64706,-381.21027,-287.3846,-416,-253.05263,-253.26431,-413.64706,-416,-253.05263,-416,-189.64706,-253.26431,-413.64706,-416,-189.64706,-352,-252.70589,-253.26431,-413.64706,-352,-252.70589,-192,-410.35294,-253.26431,-413.64706,-192,-410.35294,-192,-413.64706,-192,-474.10526,-253.26431,-413.64706,-192,-413.64706,-128,-473.41177,-32,-568,-32,-632,-128,-473.41177,-32,-632,-158.5887,-507.07693,-128,-473.41177,-158.5887,-507.07693,-192,-474.10526,-128,-473.41177,-192,-474.10526,-192,-413.64706,-128,-473.41177,-192,-413.64706,-192,-410.35294,56,56,56,-56,-56,-56,56,56,-56,-56,-56,56,576,568,576,572,640,512,576,568,640,512,640,480,576,568,640,480,640,348,576,568,640,348,576,348,640,348,640,256,640,124,640,348,640,124,576,124,640,348,576,124,576,328,640,348,576,328,576,348,640,124,640,32,576,32,640,124,576,32,576,104,640,124,576,104,576,124,640,-32,576,-32,576,32,640,-32,576,32,640,32,576,-120,576,-32,640,-32,576,-120,640,-32,640,-64,576,-120,640,-64,640,-256,576,-120,640,-256,576,-256,640,-256,640,-288,640,-480,640,-256,640,-480,576,-480,640,-256,576,-480,576,-344,640,-256,576,-344,576,-256,640,-480,640,-512,576,-572,640,-480,576,-572,576,-568,640,-480,576,-568,576,-480,256,568,96,568,32,568,256,568,32,568,32,632,256,568,32,632,256,632,480,568,320,568,256,568,480,568,256,568,256,632,480,568,256,632,480,632,576,572,576,568,544,568,576,572,544,568,480,568,576,572,480,568,480,632,576,572,480,632,512,632,32,568,-32,568,-32,632,32,568,-32,632,32,632,-352,568,-576,568,-576,572,-352,568,-576,572,-512,632,-352,568,-512,632,-352,632,-128,568,-352,568,-352,632,-128,568,-352,632,-288,632,-128,568,-288,632,-128,632,-64,632,-32,632,-32,568,-64,632,-32,568,-128,568,-64,632,-128,568,-128,632,64,160,64,288,64,384,64,160,64,384,288,384,64,160,288,384,288,160,288,64,64,64,64,160,288,64,64,160,288,160,384,384,384,288,384,160,384,384,384,160,288,160,384,384,288,160,288,384,384,160,384,64,288,64,384,160,288,64,288,160,-384,160,-384,288,-384,384,-384,160,-384,384,-160,384,-384,160,-160,384,-160,160,-160,64,-384,64,-384,160,-160,64,-384,160,-160,160,-64,384,-64,288,-64,160,-64,384,-64,160,-160,160,-64,384,-160,160,-160,384,-64,160,-64,64,-160,64,-64,160,-160,64,-160,160,64,-288,64,-160,64,-64,64,-288,64,-64,288,-64,64,-288,288,-64,288,-288,288,-384,64,-384,64,-288,288,-384,64,-288,288,-288,384,-64,384,-160,384,-288,384,-64,384,-288,288,-288,384,-64,288,-288,288,-64,384,-288,384,-384,288,-384,384,-288,288,-384,288,-288,-384,-160,-384,-64,-160,-64,-384,-160,-160,-64,-160,-288,-384,-160,-160,-288,-384,-288,-160,-288,-160,-384,-384,-384,-160,-288,-384,-384,-384,-288,-160,-64,-64,-64,-64,-160,-160,-64,-64,-160,-64,-288,-160,-64,-64,-288,-160,-288,-64,-288,-64,-384,-160,-384,-64,-288,-160,-384,-160,-288,-640,480,-640,512,-576,572,-640,480,-576,572,-576,568,-640,480,-576,568,-576,348,-640,480,-576,348,-640,348,-576,348,-576,328,-576,124,-576,348,-576,124,-640,124,-576,348,-640,124,-640,256,-576,348,-640,256,-640,348,-576,124,-576,104,-576,32,-576,124,-576,32,-640,32,-576,124,-640,32,-640,124,-576,-32,-640,-32,-640,32,-576,-32,-640,32,-576,32,-640,-64,-640,-32,-576,-32,-640,-64,-576,-32,-576,-120,-640,-64,-576,-120,-576,-256,-640,-64,-576,-256,-640,-256,-576,-256,-576,-344,-576,-480,-576,-256,-576,-480,-640,-480,-576,-256,-640,-480,-640,-288,-576,-256,-640,-288,-640,-256,-576,-480,-576,-568,-580.26666,-568,-576,-480,-580.26666,-568,-640,-512,-576,-480,-640,-512,-640,-480,256,-632,64,-632,32,-632,256,-632,32,-632,32,-568,256,-632,32,-568,96,-568,256,-632,96,-568,256,-568,480,-632,288,-632,256,-632,480,-632,256,-632,256,-568,480,-632,256,-568,320,-568,480,-632,320,-568,480,-568,544,-568,576,-568,576,-572,544,-568,576,-572,512,-632,544,-568,512,-632,480,-632,544,-568,480,-632,480,-568,32,-632,-32,-632,-32,-568,32,-632,-32,-568,32,-568,-356.26666,-632,-512,-632,-580.26666,-568,-356.26666,-632,-580.26666,-568,-576,-568,-356.26666,-632,-576,-568,-356.26666,-568,-132.26666,-632,-288,-632,-356.26666,-632,-132.26666,-632,-356.26666,-632,-356.26666,-568,-132.26666,-632,-356.26666,-568,-352,-568,-132.26666,-632,-352,-568,-132.26666,-568,-128,-568,-32,-568,-32,-632,-128,-568,-32,-632,-64,-632,-128,-568,-64,-632,-132.26666,-632,-128,-568,-132.26666,-632,-132.26666,-568,512,512,512,632,640,512,512,512,640,512,640,408,512,512,640,408,512,408,640,408,640,384,640,184,640,408,640,184,512,184,640,408,512,184,512,384,640,408,512,384,512,408,640,184,640,160,640,-40,640,184,640,-40,512,-40,640,184,512,-40,512,160,640,184,512,160,512,184,640,-40,640,-64,640,-264,640,-40,640,-264,512,-264,640,-40,512,-264,512,-64,640,-40,512,-64,512,-40,640,-264,640,-288,640,-488,640,-264,640,-488,512,-488,640,-264,512,-488,512,-288,640,-264,512,-288,512,-264,640,-488,640,-512,512,-512,640,-488,512,-512,512,-488,-288,512,-512,512,-512,632,-288,512,-512,632,-288,632,-64,512,-288,512,-288,632,-64,512,-288,632,-64,632,160,512,-64,512,-64,632,160,512,-64,632,160,632,384,512,160,512,160,632,384,512,160,632,384,632,512,632,512,512,384,512,512,632,384,512,384,632,32,448,-32,448,-32,512,32,448,-32,512,32,512,288,384,128,384,64,384,288,384,64,384,64,448,288,384,64,448,64,512,288,384,64,512,256,512,288,384,256,512,288,512,480,512,512,512,512,480,480,512,512,480,512,384,480,512,512,384,384,384,480,512,384,384,320,384,480,512,320,384,288,384,480,512,288,384,288,512,32,448,32,512,64,512,32,448,64,512,64,448,-32,384,-32,448,32,448,-32,384,32,448,64,448,-32,384,64,448,64,384,-160,384,-368,384,-384,384,-160,384,-384,384,-384,512,-160,384,-384,512,-288,512,-160,384,-288,512,-160,512,-64,512,-32,512,-32,448,-64,512,-32,448,-32,384,-64,512,-32,384,-64,384,-64,512,-64,384,-144,384,-64,512,-144,384,-160,384,-64,512,-160,384,-160,512,384,288,384,384,512,384,384,288,512,384,512,256,384,288,512,256,512,160,384,288,512,160,384,160,512,160,512,32,448,32,512,160,448,32,384,32,512,160,384,32,384,64,512,160,384,64,384,160,512,-32,448,-32,448,32,512,-32,448,32,512,32,384,-32,384,32,448,32,384,-32,448,32,448,-32,384,-128,384,-64,384,-32,384,-128,384,-32,448,-32,384,-128,448,-32,512,-32,384,-128,512,-32,512,-64,384,-128,512,-64,512,-256,384,-128,512,-256,384,-256,512,-256,512,-288,512,-480,512,-256,512,-480,384,-480,512,-256,384,-480,384,-448,512,-256,384,-448,384,-384,512,-256,384,-384,384,-320,512,-256,384,-320,384,-256,512,-480,512,-512,480,-512,512,-480,480,-512,384,-512,512,-480,384,-512,384,-480,128,-56,128,64,168,64,