{"map":"rasv3","version":1,"bounds":{"minX":-304,"maxX":1616,"minY":-1088,"maxY":288},"locs":[{"name":"","z":0,"tris":[320,-512,384,-512,448,-512,320,-512,448,-512,448,-608,320,-512,448,-608,448,-704,320,-512,448,-704,320,-704,448,-704,448,-608,640,-704,320,128,480,128,480,-64,320,128,480,-64,480,-288,320,128,480,-288,384,-512,320,128,384,-512,320,-512,544,-288,640,-64,640,-416,544,-288,640,-416,640,-608,544,-288,640,-608,448,-512,768,-704,960,-608,1088,-608,768,-704,1088,-608,1088,-704,928,-416,960,-416,960,-512,928,-416,960,-512,768,-608,928,-416,768,-608,640,-608,928,-416,640,-608,640,-416,960,-416,960,-362.66675,1024,-512,960,-416,1024,-512,960,-512,928,-288,960,-362.66675,960,-416,928,-288,960,-416,928,-416,701.7143,80,640,-64,544,-288,701.7143,80,544,-288,544,-64,701.7143,80,544,-64,544,80,928,80,1003.4285,80,928,-96,640,-64,701.7143,80,768,80,640,-64,768,80,928,80,640,-64,928,80,928,-96,640,-64,928,-96,928,-288,640,-64,928,-288,928,-416,640,-64,928,-416,640,-416,1088,128,1088,-512,992,-288,1088,128,992,-288,992,-96,480,-404,494.2857,-404,448,-512,480,-404,448,-512,384,-512,480,-404,384,-512,430.2857,-404,640,-608,640,-704,448,-608,640,-608,448,-608,448,-512,430.2857,-404,480,-288,480,-368,430.2857,-404,480,-368,480,-404,480,-64,480,80,544,80,480,-64,544,80,544,-64,480,-64,544,-64,544,-144,480,-64,544,-144,480,-144,544,-144,544,-288,509.71426,-368,544,-144,509.71426,-368,480,-368,544,-144,480,-368,480,-288,544,-144,480,-288,480,-144,509.71426,-368,494.2857,-404,480,-404,509.71426,-368,480,-404,480,-368,864,-656,768,-704,640,-704,864,-656,640,-704,640,-608,864,-656,640,-608,768,-608,864,-656,768,-608,864,-608,960,-608,864,-656,864,-608,960,-512,960,-608,864,-608,960,-512,864,-608,768,-608,1088,-608,960,-608,960,-512,1088,-608,960,-512,1024,-512,1088,-608,1024,-512,1088,-512,928,-288,992,-288,1088,-512,928,-288,1088,-512,1024,-512,928,-96,934.8571,-80,992,-80,928,-96,992,-80,992,-96,928,-96,992,-96,992,-288,928,-96,992,-288,928,-288,992,-96,992,-80,998.8571,-80,1067.4286,80,998.8571,-80,992,-80,1067.4286,80,992,-80,934.8571,-80,1067.4286,80,934.8571,-80,1003.4286,80,704,80,544,80,480,80,704,80,480,80,480,128,704,80,480,128,704,128,928,80,768,80,704,80,928,80,704,80,704,128,928,80,704,128,928,128,1088,128,1067.4286,80,1003.4286,80,1088,128,1003.4286,80,928,80,1088,128,928,80,928,128,128,-404,160,-404,160,-508,128,-404,160,-508,160,-560,128,-404,160,-560,96,-560,128,-404,96,-560,96,-404,160,-560,160,-508,236,-508,160,-560,236,-508,260,-508,160,-560,260,-508,288,-508,160,-560,288,-508,288,-560,160,-508,160,-404,236,-404,160,-508,236,-404,236,-508,260,-508,260,-404,288,-404,260,-508,288,-404,288,-508,96,-404,96,-352,128,-352,96,-404,128,-352,128,-404,128,-256,129,-256,128,-288,208,-256,210.54839,-258.5484,161,-257,208,-256,161,-257,129,-256,240,-352,240,-404,236,-404,240,-352,236,-404,160,-404,240,-352,160,-404,128,-404,240,-352,128,-404,128,-352,240,-352,128,-352,128,-288,240,-352,128,-288,161,-257,240,-352,161,-257,210.54839,-258.5484,240,-352,210.54839,-258.5484,240,-288,288,-352,288,-404,260,-404,288,-352,260,-404,240,-404,288,-352,240,-404,240,-352,768,-816,768,-704,835.2,-816,361.5,-608,361.5,-816,320,-816,361.5,-608,320,-816,320,-608,1136,112,1136,224,1296,224,1136,112,1296,224,1296,176,1136,112,1296,176,1296,0,1136,112,1296,0,1136,0,1296,0,1296,-48,1296,-224,1296,0,1296,-224,1136,-224,1296,0,1136,-224,1136,-112,1296,0,1136,-112,1136,0,1296,-224,1296,-256,1136,-256,1296,-224,1136,-256,1136,-224,1136,-256,1296,-256,1296,-272,1136,-256,1296,-272,1152,-272,1136,-256,1152,-272,1056,-272,1136,-256,1056,-272,1056,-256,1056,-112,1136,-112,1136,-224,1056,-112,1136,-224,1136,-256,1056,-112,1136,-256,1056,-256,544,288,704,288,704,128,544,288,704,128,544,128,544,288,544,128,480,128,544,288,480,128,480,288,640,80,704,80,864,80,640,80,864,80,864,-80,640,80,864,-80,864,-96,640,80,864,-96,864,-128,640,80,864,-128,864,-144,640,80,864,-144,640,-144,864,-144,864,-256,864,-288,864,-144,864,-288,864,-368,864,-144,864,-368,640,-368,864,-144,640,-368,640,-144,864,-368,864,-416,640,-416,864,-368,640,-416,640,-404,864,-368,640,-404,640,-368,704,128,704,80,640,80,704,128,640,80,544,80,704,128,544,80,544,128,928,-256,928,-128,928,-112,928,-256,928,-112,1056,-112,928,-256,1056,-112,1056,-256,928,-256,1056,-256,1056,-272,928,-256,1056,-272,928,-272,928,-256,864,-256,864,-144,928,-256,864,-144,864,-128,928,-256,864,-128,914.2857,-128,928,-256,914.2857,-128,928,-128,864,-416,864,-368,864,-288,864,-416,864,-288,918.8572,-416,768,-704,768,-608,864,-608,768,-704,864,-608,960,-608,768,-704,960,-608,992,-608,768,-704,992,-608,992,-816,768,-704,992,-816,835.2,-816,992,-608,1024,-608,1024,-816,992,-608,1024,-816,995,-816,992,-608,995,-816,992,-816,864,-608,768,-608,640,-608,864,-608,640,-608,640,-416,864,-608,640,-416,864,-416,960,-512,960,-560,960,-608,960,-512,960,-608,864,-608,960,-512,864,-608,864,-416,960,-512,864,-416,918.8572,-416,320,192,320,288,480,288,320,192,480,288,480,128,320,192,480,128,480,64,320,192,480,64,320,64,480,64,480,40,480,8,480,64,480,8,480,-32,480,64,480,-32,464,-48,480,64,464,-48,400,-48,480,64,400,-48,320,-48,480,64,320,-48,320,-32,480,64,320,-32,320,64,544,-128,544,-96,544,-48,544,-128,544,-48,544,80,544,-128,544,80,640,80,544,-128,640,80,640,-144,544,-128,640,-144,544,-144,640,-144,640,-368,544,-368,640,-144,544,-368,544,-288,640,-144,544,-288,544,-256,640,-144,544,-256,544,-144,640,-368,640,-404,544,-404,640,-368,544,-404,544,-368,416,-128,400,-128,400,-112,416,-128,400,-112,416,-96,400,-48,464,-48,416,-96,400,-48,416,-96,400,-112,544,-144,544,-256,480,-256,544,-144,480,-256,480,-128,544,-144,480,-128,544,-128,400,-128,416,-128,480,-128,400,-128,480,-128,480,-256,400,-128,480,-256,400,-256,544,-288,544,-368,544,-404,544,-288,544,-404,494.2857,-404,320,-48,400,-48,400,-112,320,-48,400,-112,400,-128,320,-48,400,-128,400,-256,320,-48,400,-256,320,-256,448,-608,448,-512,458.9091,-486.54544,448,-608,458.9091,-486.54544,494.2857,-404,448,-608,494.2857,-404,544,-404,448,-608,544,-404,640,-404,448,-608,640,-404,640,-416,448,-608,640,-416,640,-608,448,-608,640,-608,640,-628,448,-608,640,-628,448,-628,640,-628,640,-704,572.8,-816,640,-628,572.8,-816,448,-816,640,-628,448,-816,448,-628,384,-608,448,-608,448,-628,384,-608,448,-628,448,-816,384,-608,448,-816,384,-816,1296,-608,1440,-608,1472,-608,1296,-608,1472,-608,1472,-800,1296,-608,1472,-800,1472,-816,1296,-608,1472,-816,1296,-816,1296,32,1296,96,1440,96,1296,32,1440,96,1440,-48,1296,32,1440,-48,1440,-128,1296,32,1440,-128,1296,-128,1440,-128,1440,-176,1296,-176,1440,-128,1296,-176,1296,-128,1296,-176,1440,-176,1440,-272,1296,-176,1440,-272,1296,-272,1296,-304,1296,-272,1440,-272,1296,-304,1440,-272,1440,-304,1560,-656,1560,-592,1584,-592,1560,-656,1584,-592,1584,-656,1584,-680,1584,-656,1584,-592,1584,-680,1584,-592,1616,-592,1584,-680,1616,-592,1616,-760,1584,-680,1616,-760,1584,-760,1472,-608,1472,-592,1560,-592,1472,-608,1560,-592,1560,-656,1472,-608,1560,-656,1560,-760,1472,-608,1560,-760,1472,-760,1560,-760,1584,-760,1616,-760,1560,-760,1616,-760,1616,-800,1560,-760,1616,-800,1472,-800,1560,-760,1472,-800,1472,-760,1440,-320,1296,-320,1296,-304,1440,-320,1296,-304,1440,-304,1440,-368,1296,-368,1296,-320,1440,-368,1296,-320,1440,-320,1440,-416,1296,-416,1296,-368,1440,-416,1296,-368,1440,-368,1440,-464,1296,-464,1296,-416,1440,-464,1296,-416,1440,-416,1440,-512,1296,-512,1296,-464,1440,-512,1296,-464,1440,-464,1440,-560,1296,-560,1296,-512,1440,-560,1296,-512,1440,-512,1296,-592,1296,-560,1440,-560,1296,-592,1440,-560,1440,-608,1296,-592,1440,-608,1296,-608,1560,-736,1560,-680,1560,-656,1560,-736,1560,-656,1584,-656,1560,-736,1584,-656,1584,-680,1560,-736,1584,-680,1584,-736,1560,-736,1584,-736,1584,-760,1560,-736,1584,-760,1560,-760,1560,-736,1560,-680,1584,-680,1560,-736,1584,-680,1584,-736,1616,-800,1616,-816,1472,-816,1616,-800,1472,-816,1472,-800,1088,-512,1152,-512,1152,-560,1088,-512,1152,-560,1120,-560,1088,-512,1120,-560,1088,-560,1088,-512,1046.8572,-416,1152,-416,1088,-512,1152,-416,1152,