{"map":"spine","version":1,"bounds":{"minX":-880,"maxX":1232,"minY":-532,"maxY":832},"locs":[{"name":"LG","z":96,"tris":[-640,432,-640,624,-640,640,-640,432,-640,640,-624,640,-640,432,-624,640,-624,448,-640,432,-624,448,-624,416,-640,432,-624,416,-640,416,-624,416,-624,192,-640,192,-624,416,-640,192,-640,208,-624,416,-640,208,-640,416,-624,416,-512,416,-512,320,-624,416,-512,320,-512,192,-624,416,-512,192,-624,192,-352,320,-512,320,-512,416,-352,320,-512,416,-400,416,-352,320,-400,416,-352,416,-624,640,-512,640,-512,448,-624,640,-512,448,-624,448,-400,416,-512,416,-624,416,-400,416,-624,416,-624,448,-400,416,-624,448,-512,448,-400,416,-512,448,-480,448,-400,416,-480,448,-400,448,-352,448,-352,416,-400,416,-352,448,-400,416,-400,448,-320,352,-320,320,-352,320,-320,352,-352,320,-352,416,-320,352,-352,416,-352,448,-320,352,-352,448,-320,448,-608,96,-608,160,-544,160,-608,96,-544,160,-544,96,-608,64,-608,96,-544,96,-608,64,-544,96,-544,64,-400,0,-624,0,-624,64,-400,0,-624,64,-608,64,-400,0,-608,64,-544,64,-400,0,-544,64,-512,64,-400,0,-512,64,-400,64,-336,64,-336,0,-400,0,-336,64,-400,0,-400,64,-640,192,-624,192,-624,64,-640,192,-624,64,-624,0,-640,192,-624,0,-640,0,-544,96,-544,160,-544,192,-544,96,-544,192,-512,192,-544,96,-512,192,-512,64,-544,96,-512,64,-544,64,-624,192,-608,192,-608,160,-624,192,-608,160,-608,96,-624,192,-608,96,-608,64,-624,192,-608,64,-624,64,-512,192,-544,192,-608,192,-512,192,-608,192,-624,192,-512,192,-624,192,-624,208,-512,192,-624,208,-512,208,-608,160,-608,192,-544,192,-608,160,-544,192,-544,160,-352,320,-320,320,-333.33334,160,-352,320,-333.33334,160,-336,160,-352,320,-336,160,-512,160,-352,320,-512,160,-512,192,-352,320,-512,192,-512,201.84615,-352,320,-512,201.84615,-512,320,-336,160,-336,128,-336,64,-336,160,-336,64,-400,64,-336,160,-400,64,-512,64,-336,160,-512,64,-512,160,-336,-64,-320,-64,-320,-192,-336,-64,-320,-192,-336,-192,-400,-48,-496,-48,-624,-48,-400,-48,-624,-48,-624,0,-400,-48,-624,0,-400,0,-336,0,-336,-48,-400,-48,-336,0,-400,-48,-400,0,-448,-256,-448,-192,-384,-192,-448,-256,-384,-192,-384,-256,-384,-256,-384,-192,-336,-192,-384,-256,-336,-192,-336,-256,-336,-64,-336,-192,-384,-192,-336,-64,-384,-192,-448,-192,-336,-64,-448,-192,-496,-192,-336,-64,-496,-192,-496,-48,-336,-64,-496,-48,-400,-48,-336,-64,-400,-48,-336,-48,-448,-256,-448,-288,-496,-288,-448,-256,-496,-288,-496,-192,-448,-256,-496,-192,-448,-192,-384,-256,-336,-256,-336,-288,-384,-256,-336,-288,-416,-288,-384,-256,-416,-288,-448,-288,-384,-256,-448,-288,-448,-256,-624,-256,-624,-192,-624,-48,-624,-256,-624,-48,-496,-48,-624,-256,-496,-48,-496,-192,-624,-256,-496,-192,-496,-288,-624,-256,-496,-288,-624,-288,-496,-304,-496,-300,-464,-300,-496,-304,-464,-300,-464,-304,-624,0,-624,-48,-624,-192,-624,0,-624,-192,-640,-192,-624,0,-640,-192,-640,-32,-624,0,-640,-32,-640,0,-821.3334,192,-688,192,-640,192,-821.3334,192,-640,192,-640,0,-821.3334,192,-640,0,-640,-32,-821.3334,192,-640,-32,-848,-32,-821.3334,192,-848,-32,-848,48,-821.3334,192,-848,48,-848,80,-821.3334,192,-848,80,-848,152,-640,-32,-640,-192,-688,-192,-640,-32,-688,-192,-821.3333,-192,-640,-32,-821.3333,-192,-848,-152,-640,-32,-848,-152,-848,-80,-640,-32,-848,-80,-848,-48,-640,-32,-848,-48,-848,-32,-864,128,-848,152,-848,80,-864,128,-848,80,-864,80,-848,-152,-864,-128,-864,-80,-848,-152,-864,-80,-848,-80,-848,48,-848,-32,-848,-48,-848,48,-848,-48,-864,-48,-848,48,-864,-48,-864,48,-848,-48,-880,-48,-880,48,-848,-48,-880,48,-848,48,-864,-48,-880,-48,-880,48,-864,-48,-880,48,-864,48]},{"name":"LG.stairs","z":-48,"tris":[-288,464,-288,480,-288,608,-288,464,-288,608,-288,624,-288,464,-288,624,-288,640,-288,464,-288,640,-256,640,-288,464,-256,640,-256,448,-288,464,-256,448,-288,448,-320,464,-320,480,-288,480,-320,464,-288,480,-288,464,-320,448,-320,464,-288,464,-320,448,-288,464,-288,448,-320,624,-320,640,-288,640,-320,624,-288,640,-288,624,-320,624,-288,624,-288,608,-320,624,-288,608,-288,480,-320,624,-288,480,-320,480,-256,456,-256,464,-224,464,-256,456,-224,464,-224,456,-256,464,-256,480,-224,480,-256,464,-224,480,-224,464,-256,624,-256,632,-224,632,-256,624,-224,632,-224,624,-256,624,-224,624,-224,608,-256,624,-224,608,-224,480,-256,624,-224,480,-256,480,-352,464,-352,480,-352,608,-352,464,-352,608,-352,624,-352,464,-352,624,-352,640,-352,464,-352,640,-320,640,-352,464,-320,640,-320,448,-352,464,-320,448,-352,448,-416,464,-416,480,-416,608,-416,464,-416,608,-416,624,-416,464,-416,624,-416,640,-416,464,-416,640,-384,640,-416,464,-384,640,-384,448,-416,464,-384,448,-416,448,-384,624,-384,640,-352,640,-384,624,-352,640,-352,624,-384,448,-384,464,-352,464,-384,448,-352,464,-352,448,-352,608,-352,480,-384,480,-352,608,-384,480,-384,624,-352,608,-384,624,-352,624,-384,464,-384,480,-352,480,-384,464,-352,480,-352,464,-448,464,-448,480,-416,480,-448,464,-416,480,-416,464,-448,448,-448,464,-416,464,-448,448,-416,464,-416,448,-448,624,-416,624,-416,608,-448,624,-416,608,-416,480,-448,624,-416,480,-448,480,-448,624,-448,640,-416,640,-448,624,-416,640,-416,624,-480,464,-480,480,-480,608,-480,464,-480,608,-480,624,-480,464,-480,624,-480,640,-480,464,-480,640,-448,640,-480,464,-448,640,-448,448,-480,464,-448,448,-480,448,-512,624,-512,640,-480,640,-512,624,-480,640,-480,624,-512,464,-512,480,-480,480,-512,464,-480,480,-480,464,-480,608,-480,480,-512,480,-480,608,-512,480,-512,624,-480,608,-512,624,-480,624,-512,448,-512,464,-480,464,-512,448,-480,464,-480,448]},{"name":"LG.tunnel","z":96,