{"map":"veddm7","version":1,"bounds":{"minX":-928,"maxX":464,"minY":-352,"maxY":832},"locs":[{"name":"","z":64,"tris":[-328,72,-328,56,-336,56,-328,72,-336,56,-336,72,-200,128,-200,120,-200,8,-200,128,-200,8,-200,0,-200,128,-200,0,-328,0,-200,128,-328,0,-328,48,-200,128,-328,48,-328,56,-200,128,-328,56,-328,72,-200,128,-328,72,-328,80,-200,128,-328,80,-328,128,192,832,192,736,0,736,192,832,0,736,-48,736,192,832,-48,736,-48,760,192,832,-48,760,-48,808,192,832,-48,808,-48,832,-48,760,-64,760,-64,808,-48,760,-64,808,-48,808,192,736,192,704,96,704,192,736,96,704,32,704,192,736,32,704,0,704,192,736,0,704,0,736,-176,704,-176,720,-112,720,-176,704,-112,720,-112,704,32,128,-192,128,-192,136,32,128,-192,136,32,136,256.00122,128,32,128,32,136,256.00122,128,32,136,256.00122,136,320.00266,136,320.00266,128,256.00122,128,320.00266,136,256.00122,128,256.00122,136,32,136,-192,136,-192,248,32,136,-192,248,-64,248,32,136,-64,248,-48,248,32,136,-48,248,32,248,256.00122,136,32,136,32,248,256.00122,136,32,248,48,248,256.00122,136,48,248,64,248,256.00122,136,64,248,256,248,288,248,320,248,320,192,288,248,320,192,320,185.49998,288,248,320,185.49998,320.00266,136,288,248,320.00266,136,256.00122,136,288,248,256.00122,136,256,248,-96.00125,640,-96.00125,448,-192,448,-96.00125,640,-192,448,-192,639.99854,-192,448,-96.00125,448,-96.00125,416,-192,448,-96.00125,416,-96.00125,256,-192,448,-96.00125,256,-192,256,-48,256,48,256,48,248,-48,256,48,248,32,248,-48,256,32,248,-48,248,-176,704,-112,704,-96,704,-176,704,-96,704,-96,656,-176,704,-96,656,-96.00125,640,-176,704,-96.00125,640,-192,639.99854,-176,704,-192,639.99854,-192,656,-176,704,-192,656,-192,704,128,640,0,640,0,672,128,640,0,672,32,704,128,640,32,704,96,704,128,640,96,704,128,672,328,416,328,400,208,400,328,416,208,400,208,416,208,512,360,512,360,416,208,512,360,416,344,416,208,512,344,416,328,416,208,512,328,416,208,416,208,512,208,416,192,416,208,512,192,416,192,512,360,416,360,512,448,512,360,416,448,512,448,416.00165,360,416,448,416.00165,448,384,360,416,448,384,360,384,432,528,448,528,448,512,432,528,448,512,360,512,432,528,360,512,208,512,432,528,208,512,208,528,448,512,448,528,464,528,448,512,464,528,464,472,448,512,464,472,464,416,448,512,464,416,448,416.00165,-96.00125,416,-96.00125,448,-96.00125,640,-96.00125,416,-96.00125,640,-80.00188,640,-96.00125,416,-80.00188,640,0,640,-96.00125,416,0,640,128,640,-96.00125,416,128,640,127.99872,416,127.99872,256,64,256,48,256,127.99872,256,48,256,-48,256,127.99872,256,-48,256,-64,256,127.99872,256,-64,256,-96.00125,256,127.99872,256,-96.00125,256,-96.00125,416,127.99872,256,-96.00125,416,127.99872,416,192,640,192,544,192,528,192,640,192,528,192,512,192,640,192,512,192,416,192,640,192,416,127.99872,416,192,640,127.99872,416,128,640,192,416,192,400,192,256,192,416,192,256,127.99872,256,192,416,127.99872,256,127.99872,416,128,672,192,672,192,664,128,672,192,664,192,640,128,672,192,640,128,640,32,696,32,704,96,704,32,696,96,704,96,696,96,696,96,704,128,672,96,696,128,672,128,664,32,704,32,696,0,664,32,704,0,664,0,672,32,704,0,672,0,704,128,664,128,672,192,672,128,664,192,672,192,664,192,704,192,672,128,672,192,704,128,672,96,704,176,448,144,448,144,480,176,448,144,480,176,480,-144,552,-176,552,-176,584,-144,552,-176,584,-144,584,-192.00542,328,-192.00542,552,-176,552,-192.00542,328,-176,552,-144,552,-192.00542,328,-144,552,-144,528,-192.00542,328,-144,528,-144,480,-192.00542,328,-144,480,-144,328,-144,272,-192,272,-192.00542,328,-144,272,-192.00542,328,-144,328,-144,584,-176,584,-192.00542,584,-144,584,-192.00542,584,-192.00542,640,-144,584,-192.00542,640,-144,640,-192.00542,584,-176,584,-176,552,-192.00542,584,-176,552,-192.00542,552,-192,256,-192,272,-144,272,-192,256,-144,272,-144,256,448,224,448,256,448,288,448,224,448,288,448,320,448,224,448,320,448,352,448,224,448,352,448,384,448,224,448,384,448,416.00165,448,224,448,416.00165,464,416,448,224,464,416,464,248,448,224,464,248,464,192,448,224,464,192,448,192,344,400,344,416,360,416,344,400,360,416,360,384,344,400,360,384,360,352,344,400,360,352,360,320,344,400,360,320,360,288,344,400,360,288,360,256,344,400,360,256,360,224,344,400,360,224,360,192,344,400,360,192,344,192,448,384,448,352,360,352,448,384,360,352,360,384,448,352,448,320,360,320,448,352,360,320,360,352,448,320,448,288,360,288,448,320,360,288,360,320,448,224,448,192,360,192,448,224,360,192,360,224,448,288,448,256,360,256,448,288,360,256,360,288,360,256,448,256,448,224,360,256,448,224,360,224,448,192,464,192,464,64,448,192,464,64,448,64.00186,320,192,328,192,200,88,320,192,200,88,192,88,328,192,328,88,320,88,328,192,320,88,200,88,328,88,328,192,344,192,328,88,344,192,360,192,328,88,360,192,448,192,328,88,448,192,448,64.00186,328,88,448,64.00186,328,64,328,48,328,64,448,64.00186,328,48,448,64.00186,464,64,328,48,464,64,464,48,320,88,328,88,328,64,320,88,328,64,320,64,200,88,320,88,320,64,200,88,320,64,320,-88,200,88,320,-88,320,-112,200,88,320,-112,200,-112,192,88,200,88,200,-112,192,88,200,-112,192,-112,432,-112,448,-112,448,-176,432,-112,448,-176,432,-176,320,-112,320,-88,328,-88,320,-112,328,-88,432,-88,320,-112,432,-88,432,-112,320,-112,432,-112,432,-176,320,-112,432,-176,432,-208,320,-112,432,-208,320,-208,328,-80,432,-80,432,-88,328,-80,432,-88,328,-88,320,-208,200,-112,320,-112,200,-112,320,-208,312,-208,200,-112,312,-208,192,-112,32,-208,-64,-208,-192,-208,32,-208,-192,-208,-192,-128,32,-208,-192,-128,-192,-96,32,-208,-192,-96,-176.0048,-96,32,-208,-176.0048,-96,32,-96,47.995193,-96,128,-96,128,-192,47.995193,-96,128,-192,128,-208,47.995193,-96,128,-208,64,-208,47.995193,-96,64,-208,32,-208,47.995193,-96,32,-208,32,-96,47.995193,-96,32,-96,-176.0048,-96,47.995193,-96,-176.0048,-96,-176.0048,-64,47.995193,-96,-176.0048,-64,47.995193,-64,128,-64,128,-72,128,-96,128,-64,128,-96,47.995193,-96,128,-64,47.995193,-96,47.995193,-64,31.994617,128,48,128,48,-32,31.994617,128,48,-32,-176.0048,-32,31.994617,128,-176.0048,-32,-192,-32,31.994617,128,-192,-32,-192,0,31.994617,128,-192,0,-192,8,31.994617,128,-192,8,-192,120,31.994617,128,-192,120,-192,128,-176.0048,-32,48,-32,47.995193,-64,-176.0048,-32,47.995193,-64,-176.0048,-64,48,-32,48,128,128,163.55556,48,-32,128,163.55556,128,-32,48,-32,128,-32,128,-64,48,-32,128,-64,47.995193,-64,192,-192,128,-192,128,-96,192,-192,128,-96,128,-72,192,-192,128,-72,192,-72,320,-208,192,-208,192,-192,320,-208,192,-192,192,-72,320,-208,192,-72,320,-72,128,163.55556,192,192,320,192,128,163.55556,320,192,320,160,128,163.55556,320,160,320,-32,128,163.55556,320,-32,128,-32,320,-32,320,-72,192,-72,320,-32,192,-72,128,-72,320,-32,128,-72,128,-64,320,-32,128,-64,128,-32,320,192,192,192,192,200,320,192,192,200,192,248,320,192,192,248,320,248,-64,-208,32,-208,64,-208,-64,-208,64,-208,64,-216,-64,-208,64,-216,-64,-216,-208,640,-208,584,-208,552,-208,640,-208,552,-239.99832,552,-208,640,-239.99832,552,-239.99832,640,-239.99832,328,-239.99832,416,-239.99832,552,-239.99832,328,-239.99832,552,-208,552,-239.99832,328,-208,552,-192.00542,552,-239.99832,328,-192.00542,552,-192.00542,328,-192,272,-239.99832,272,-239.99832,328,-192,272,-239.99832,328,-192.00542,328,-192.00542,584,-208,584,-208,640,-192.00542,584,-208,640,-192.00542,640,-208,552,-208,584,-192.00542,584,-208,552,-192.00542,584,-192.00542,552,-256,496,-256,512,-256,640,-256,496,-256,640,-239.99832,640,-256,496,-239.99832,640,-239.99832,552,-256,496,-239.99832,552,-239.99832,416,-256,496,-239.99832,416,-256,416,-239.99832,416,-239.99832,328,-239.99832,272,-239.99832,416,-239.99832,272,-256,272,-239.99832,416,-256,272,-256,384,-239.99832,416,-256,384,-256,400,-239.99832,416,-256,400,-256,416,-256,496,-256,416,-256,400,-256,496,-256,400,-272,400,-256,496,-272,400,-272,496,-256,272,-192,272,-192,256,-256,272,-192,256,-192,136,-256,272,-192,136,-200,136,-256,272,-200,136,-328,136,-256,272,-328,136,-328,272,-448,272,-352,272,-328,272,-448,272,-328,272,-328,136,-448,272,-328,136,-328,48,-448,272,-328,48,-448,48,-328,48,-328,0,-448,0,-328,48,-448,0,-448,48,-320,496,-288,496,-272,496,-320,496,