{"map":"wet3","version":1,"bounds":{"minX":-576,"maxX":1376,"minY":-576,"maxY":576},"locs":[{"name":"","z":0,"tris":[1376,352,1376,128,1248,128,1376,352,1248,128,1248,352,1376,576,1376,352,1248,352,1376,576,1248,352,1248,576,1248,185.94827,1259.5305,128,1248,128,1323.4976,193.4754,1316.9907,160.77408,1305,221,1248,576,1344,576,1344,544,1248,576,1344,544,1248,544,1248,544,1344,544,1344,416,1248,544,1344,416,1248,416,1282.9474,253.81418,1248,305.8159,1248,384,1282.9474,253.81418,1248,384,1344,384,1282.9474,253.81418,1344,384,1344,294.63855,1282.9474,253.81418,1344,294.63855,1343.5698,294.35086,1344,416,1344,384,1248,384,1344,416,1248,384,1248,416,1344,294.63855,1344,222.7044,1316.3447,204.11887,1344,294.63855,1316.3447,204.11887,1282.9474,253.81418,1327.0465,211.31091,1344,222.7044,1344,128,1327.0465,211.31091,1344,128,1323.5159,128,1327.0465,211.31091,1323.5159,128,1316.9907,160.77408,1323.4976,193.4754,1316.3447,204.11887,1327.0465,211.31091,1256,-128,1248,-128,1248,128,1256,-128,1248,128,1256,128,1376,-96,1376,-128,1248,-128,1376,-96,1248,-128,1248,-96,1376,128,1376,-96,1248,-96,1376,128,1248,-96,1248,128,1265.898,-96,1259.5305,-128,1248,-128,1265.898,-96,1248,-128,1248,-96,1259.5305,128,1285,0,1265.898,-96,1259.5305,128,1265.898,-96,1248,-96,1259.5305,128,1248,-96,1248,128,1344,-25.1137,1344,-128,1323.5159,-128,1344,128,1344,25.11375,1323.5159,128,1184,576,1248,576,1248,544,1184,576,1248,544,1184,544,960,576,1184,576,1184,544,960,576,1184,544,960,544,736,576,960,576,960,544,736,576,960,544,736,544,512,544,512,576,736,576,512,544,736,576,736,544,967.8192,544,989.21686,576,1066.4247,576,967.8192,544,1066.4247,576,1067.0215,575.11206,967.8192,544,1067.0215,575.11206,1087.93,544,736,576,773,576,736,568.6,512,576,736,576,736,568.6,512,576,736,568.6,613,544,512,576,613,544,512,544,933.7272,544,773,576,989.21686,576,933.7272,544,989.21686,576,967.8192,544,1087.93,544,1067.0215,575.11206,1067.6182,576,1087.93,544,1067.6182,576,1248,576,1087.93,544,1248,576,1248,544,1066.4247,576,1067.6182,576,1067.0215,575.11206,969,473,989.283,459.4373,941.6279,388.52652,969,473,941.6279,388.52652,787.3122,419.25003,969,473,787.3122,419.25003,787.3122,509.15228,787.3122,419.25003,563.3122,463.84732,577,473,787.3122,419.25003,577,473,773,512,787.3122,419.25003,773,512,787.3122,509.15228,1013.3013,544,1025.5219,525.7241,963.81384,538.0099,1013.3013,544,963.81384,538.0099,967.8192,544,1013.3013,544,1046.1128,544,1029.6658,519.52686,1248,384,1208.5918,384,1202.2245,416,1248,384,1202.2245,416,1248,416,1202.2245,416,1207.7224,388.36926,1166.6079,416,1248,305.8159,1195.4569,384,1248,384,610.09717,543.41943,612.59094,543.9182,666.89764,533.1123,610.09717,543.41943,666.89764,533.1123,665.75085,532.3455,559.45935,464.6144,661.8976,533.11224,665.75085,532.3455,559.45935,464.6144,665.75085,532.3455,563.3122,463.84732,963.81384,538.0099,933.7272,544,967.8192,544,610.09717,543.41943,607.5908,543.91815,608,544,610.09717,543.41943,608,544,613,544,565.95123,544,608,544,548,532,521.9303,514.5737,544,544,565.95123,544,1024.3438,511.60764,1046.1128,544,1248,544,1024.3438,511.60764,1248,544,1248,416,1024.3438,511.60764,1248,416,1166.6079,416,1180,407,1207.7224,388.36926,1208.5918,384,1180,407,1208.5918,384,1195.4569,384,941.6279,388.52652,938.58594,384,736,384,941.6279,388.52652,736,384,736,429.46603,736,384,512,384,512,432.87955,736,384,512,432.87955,559.45935,464.6144,736,384,559.45935,464.6144,736,429.46603,994,532,1025.5219,525.7241,1029.6658,519.52686,994,532,1029.6658,519.52686,1024.3438,511.60764,788.0483,160,749.6152,102.811554,736,111.91567,788.0483,160,736,111.91567,736,160,938.58594,384,788.0483,160,736,160,938.58594,384,736,160,736,384,736,111.91567,664.0901,160,736,160,664.0901,160,512,261.6988,512,384,664.0901,160,512,384,736,384,664.0901,160,736,384,736,160,705.85657,37.69879,594.4999,-128,512,-128,705.85657,37.69879,512,-128,512,37.69879,512,261.6988,749.6152,102.811554,705.85657,37.69879,512,261.6988,705.85657,37.69879,512,37.69879,1248,-24.147491,1248,-128,1042.4999,-128,1248,-24.147491,1042.4999,-128,1042.4999,-24.147491,1243.424,199.85251,1246,196,1248,185.94827,1243.424,199.85251,1248,185.94827,1248,-24.147491,1243.424,199.85251,1248,-24.147491,1042.4999,-24.147491,1243.424,199.85251,1042.4999,-24.147491,1042.4999,199.85251,1042.4999,423.8525,1135,362,1243.424,199.85251,1042.4999,423.8525,1243.424,199.85251,1042.4999,199.85251,1042.4999,11.437286,1042.4999,-128,818.4999,-128,1042.4999,11.437286,818.4999,-128,818.4999,11.437286,818.4999,205.31198,838.74536,235.43729,1042.4999,235.43729,818.4999,205.31198,1042.4999,235.43729,1042.4999,11.437286,818.4999,205.31198,1042.4999,11.437286,818.4999,11.437286,838.74536,235.43729,989.283,459.4373,1042.4999,423.8525,838.74536,235.43729,1042.4999,423.8525,1042.4999,235.43729,594.4999,-128,667.9622,-18.688019,818.4999,-18.688019,594.4999,-128,818.4999,-18.688019,818.4999,-128,667.9622,-18.688019,818.4999,205.31198,818.4999,-18.688019,1248,-128,1184,-128,1184,96,1248,-128,1184,96,1248,96,1184,96,1184,320,1248,320,1184,96,1248,320,1248,96,1184,320,1184,544,1248,544,1184,320,1248,544,1248,320,1184,-128,960,-128,960,96,1184,-128,960,96,1184,96,960,96,960,320,1184,320,960,96,1184,320,1184,96,960,320,960,544,1184,544,960,320,1184,544,1184,320,960,-128,736,-128,736,96,960,-128,736,96,960,96,736,96,736,320,960,320,736,96,960,320,960,96,736,320,736,544,960,544,736,320,960,544,960,320,736,-128,512,-128,512,96,736,-128,512,96,736,96,512,96,512,320,736,320,512,96,736,320,736,96,512,320,512,544,736,544,512,320,736,544,736,320,432,352,432,576,512,576,432,352,512,576,512,352,432,576,512,576,512,544,432,576,512,544,432,544,447.57224,389.7983,432,405.52472,432,432,447.57224,389.7983,432,432,492.3529,432,447.57224,389.7983,492.3529,432,499.65552,424.6251,432,489.99094,432,492.9502,435.6501,489.2642,432,489.99094,435.6501,489.2642,492.3529,432,432,489.99094,492.3529,432,432,432,512,384,438.9009,384,512,432.87955,432,352,432,384,512,384,432,352,512,384,512,352,432,352,448,352,512,176,432,352,512,176,512,-128,432,352,512,-128,432,-128,512,-128,432,-128,432,-96,512,-128,432,-96,512,-96,432,-96,432,128,512,128,432,-96,512,128,512,-96,432,128,432,352,512,352,432,128,512,352,512,128,512,261.6988,432,315.19275,432,352,512,261.6988,432,352,512,352,512,91.19275,512,-128,432,-128,512,91.19275,432,-128,432,91.19275,432,315.19275,512,261.6988,512,91.19275,432,315.19275,512,91.19275,432,91.19275,1376,-352,1376,-576,1344,-576,1376,-352,1344,-576,1344,-352,1376,-128,1376,-352,1344,-352,1376,-128,1344,-352,1344,-128,1344,-576,1184,-576,1184,-352,1344,-576,1184,-352,1344,-352,1184,-352,1184,-128,1344,-128,1184,-352,1344,-128,1344,-352,1184,-576,960,-576,960,-352,1184,-576,960,-352,1184,-352,960,-352,960,-128,1184,-128,960,-352,1184,-128,1184,-352,960,-576,736,-576,736,-352,960,-576,736,-352,960,-352,736,-352,736,-128,960,-128,736,-352,960,-128,960,-352,736,-576,512,-576,512,-352,736,-576,512,-352,736,-352,512,-352,512,-128,736,-128,512,-352,736,-128,736,-352,736,-568.6,773,-576,736,-576,512,-523.8,736,-568.6,736,-576,512,-523.8,736,-576,512,-576,553,-532,545.8653,-530.57306,512,-507.93582,553,-532,512,-507.93582,512,-504.59357,928.5279,-576,773,-576,994,-532,1184,-128,1259.5305,-128,1246,-196,1184,-128,1246,-196,1184,-288.7208,1141.6868,-352,1135,-362,969,-473,1141.6868,-352,969,-473,960,-474.79086,1141.6868,-352,960,-474.79086,960,-352,960,-128,1184,-128,1184,-288.7208,960,-128,1184,-288.7208,1141.6868,-352,960,-128,1141.6868,-352,960,-352,960,-352,960,-474.79086,773,-512,960,-352,773,-512,736,-504.6378,960,-352,736,-504.6378,736,-352,736,-128,960,-128,960,-352,736,-128,960,-352,736,-352,736,-352,736,-504.6378,569.88184,-471.58365,736,-352,569.88184,-471.58365,512,-432.87955,736,-352,512,-432.87955,512,-352,512,-250.75983,594.4999,-128,736,-128,512,-250.75983,736,-128,736,-352,512,-250.75983,736,-352,512,-352,1316.3447,-204.11888,1305,-221,1309.3032,-199.38664,1344,-128,1344,-222.7044,1309.3032,-199.38664,1344,-128,1309.3032,-199.38664,1323.5159,-128,594.4999,-128,